Workbook
Name SegmentaçãodeDados_Renew: #N/A
Name SegmentaçãodeDados_Subscription_Type: #N/A

Sheet A̳ssets
B3: Paleta de Cores
B5: # 9BC848 | C5: Xbox Color | E5: # E8E6E9 | F5: negative zone | J5: #224386 | K5: Side Background
B6: # 22C55E | C6: Xbox Color | J6: #E8E8E8 | K6: Negative Zone
B7: # 2AE6B1 | C7: Menus | J7: #2FE9FD | K7: Graphic
B8: # 5BF6A8 | C8: Menus | J8: #CDEAF7 | K8: Selected Item
B12: Logos | J12: ícones

Sheet B̳ases
A1: Subscriber ID | B1: Name | C1: Plan | D1: Start Date | E1: Auto Renewal | F1: Subscription Price | G1: Subscription Type | H1: EA Play Season Pass | I1: EA Play Season Pass Price | J1: Minecraft Season Pass | K1: Minecraft Season Pass Price | L1: Coupon Value | M1: Total Value | N1: Expiration_date | O1: Expiration | P1: Month | Q1: Renew
A2: 3231 | B2: João Silva | C2: Ultimate | D2: 45292 | E2: Yes | F2: 15 | G2: Monthly | H2: Yes | I2: 30 | J2: Yes | K2: 20 | L2: 5 | M2: 60 | N2: {=DATEVALUE(_xlfn.CONCAT("01/", MONTH(EDATE(Tb_Data[[#This Row],[Start Date]],_xlfn.IFS(Tb_Data[[#This Row],[Subscription Type]]="Monthly",1,Tb_Data[[#This Row],[Subscription Type]]="Annual",12,Tb_Data[[#This Row],[Subscription Type]]="Quarterly",3))),"/", YEAR(EDATE(Tb_Data[[#This Row],[Start Date]],_xlfn.IFS(Tb_Data[[#This Row],[Subscription Type]]="Monthly",1,Tb_Data[[#This Row],[Subscription Type]]="Annual",12,Tb_Data[[#This Row],[Subscription Type]]="Quarterly",3)))))} -> 45323 | O2: =IF(Tb_Data[[#This Row],[Expiration_date]]<C̳álculos!$I$6,"",Tb_Data[[#This Row],[Expiration_date]]) | P2: =DATEVALUE(_xlfn.CONCAT("01/",MONTH(Tb_Data[[#This Row],[Start Date]]),"/",YEAR(Tb_Data[[#This Row],[Start Date]]))) -> 45292 | Q2: =IF(Tb_Data[[#This Row],[Auto Renewal]]="yes","Auto","Manual") -> Auto
A3: 3232 | B3: Maria Oliveira | C3: Core | D3: 45306 | E3: No | F3: 5 | G3: Annual | H3: No | I3: - | J3: No | K3: 0 | L3: 0 | M3: 5 | N3: {=DATEVALUE(_xlfn.CONCAT("01/", MONTH(EDATE(Tb_Data[[#This Row],[Start Date]],_xlfn.IFS(Tb_Data[[#This Row],[Subscription Type]]="Monthly",1,Tb_Data[[#This Row],[Subscription Type]]="Annual",12,Tb_Data[[#This Row],[Subscription Type]]="Quarterly",3))),"/", YEAR(EDATE(Tb_Data[[#This Row],[Start Date]],_xlfn.IFS(Tb_Data[[#This Row],[Subscription Type]]="Monthly",1,Tb_Data[[#This Row],[Subscription Type]]="Annual",12,Tb_Data[[#This Row],[Subscription Type]]="Quarterly",3)))))} -> 45658 | O3: =IF(Tb_Data[[#This Row],[Expiration_date]]<C̳álculos!$I$6,"",Tb_Data[[#This Row],[Expiration_date]]) -> 45658 | P3: =DATEVALUE(_xlfn.CONCAT("01/",MONTH(Tb_Data[[#This Row],[Start Date]]),"/",YEAR(Tb_Data[[#This Row],[Start Date]]))) -> 45292 | Q3: =IF(Tb_Data[[#This Row],[Auto Renewal]]="yes","Auto","Manual") -> Manual
A4: 3233 | B4: Lucas Fernandes | C4: Standard | D4: 45332 | E4: Yes | F4: 10 | G4: Quarterly | H4: No | I4: - | J4: Yes | K4: 20 | L4: 10 | M4: 20 | N4: {=DATEVALUE(_xlfn.CONCAT("01/", MONTH(EDATE(Tb_Data[[#This Row],[Start Date]],_xlfn.IFS(Tb_Data[[#This Row],[Subscription Type]]="Monthly",1,Tb_Data[[#This Row],[Subscription Type]]="Annual",12,Tb_Data[[#This Row],[Subscription Type]]="Quarterly",3))),"/", YEAR(EDATE(Tb_Data[[#This Row],[Start Date]],_xlfn.IFS(Tb_Data[[#This Row],[Subscription Type]]="Monthly",1,Tb_Data[[#This Row],[Subscription Type]]="Annual",12,Tb_Data[[#This Row],[Subscription Type]]="Quarterly",3)))))} -> 45413 | O4: =IF(Tb_Data[[#This Row],[Expiration_date]]<C̳álculos!$I$6,"",Tb_Data[[#This Row],[Expiration_date]]) | P4: =DATEVALUE(_xlfn.CONCAT("01/",MONTH(Tb_Data[[#This Row],[Start Date]]),"/",YEAR(Tb_Data[[#This Row],[Start Date]]))) -> 45323 | Q4: =IF(Tb_Data[[#This Row],[Auto Renewal]]="yes","Auto","Manual") -> Auto
A5: 3234 | B5: Ana Souza | C5: Ultimate | D5: 45342 | E5: No | F5: 15 | G5: Monthly | H5: Yes | I5: 30 | J5: Yes | K5: 20 | L5: 3 | M5: 62 | N5: {=DATEVALUE(_xlfn.CONCAT("01/", MONTH(EDATE(Tb_Data[[#This Row],[Start Date]],_xlfn.IFS(Tb_Data[[#This Row],[Subscription Type]]="Monthly",1,Tb_Data[[#This Row],[Subscription Type]]="Annual",12,Tb_Data[[#This Row],[Subscription Type]]="Quarterly",3))),"/", YEAR(EDATE(Tb_Data[[#This Row],[Start Date]],_xlfn.IFS(Tb_Data[[#This Row],[Subscription Type]]="Monthly",1,Tb_Data[[#This Row],[Subscription Type]]="Annual",12,Tb_Data[[#This Row],[Subscription Type]]="Quarterly",3)))))} -> 45352 | O5: =IF(Tb_Data[[#This Row],[Expiration_date]]<C̳álculos!$I$6,"",Tb_Data[[#This Row],[Expiration_date]]) | P5: =DATEVALUE(_xlfn.CONCAT("01/",MONTH(Tb_Data[[#This Row],[Start Date]]),"/",YEAR(Tb_Data[[#This Row],[Start Date]]))) -> 45323 | Q5: =IF(Tb_Data[[#This Row],[Auto Renewal]]="yes","Auto","Manual") -> Manual
A6: 3235 | B6: Pedro Gonçalves | C6: Core | D6: 45356 | E6: Yes | F6: 5 | G6: Monthly | H6: No | I6: - | J6: No | K6: 0 | L6: 1 | M6: 4 | N6: {=DATEVALUE(_xlfn.CONCAT("01/", MONTH(EDATE(Tb_Data[[#This Row],[Start Date]],_xlfn.IFS(Tb_Data[[#This Row],[Subscription Type]]="Monthly",1,Tb_Data[[#This Row],[Subscription Type]]="Annual",12,Tb_Data[[#This Row],[Subscription Type]]="Quarterly",3))),"/", YEAR(EDATE(Tb_Data[[#This Row],[Start Date]],_xlfn.IFS(Tb_Data[[#This Row],[Subscription Type]]="Monthly",1,Tb_Data[[#This Row],[Subscription Type]]="Annual",12,Tb_Data[[#This Row],[Subscription Type]]="Quarterly",3)))))} -> 45383 | O6: =IF(Tb_Data[[#This Row],[Expiration_date]]<C̳álculos!$I$6,"",Tb_Data[[#This Row],[Expiration_date]]) | P6: =DATEVALUE(_xlfn.CONCAT("01/",MONTH(Tb_Data[[#This Row],[Start Date]]),"/",YEAR(Tb_Data[[#This Row],[Start Date]]))) -> 45352 | Q6: =IF(Tb_Data[[#This Row],[Auto Renewal]]="yes","Auto","Manual") -> Auto
A7: 3236 | B7: Felipe Costa | C7: Standard | D7: 45353 | E7: No | F7: 10 | G7: Monthly | H7: No | I7: - | J7: Yes | K7: 20 | L7: 2 | M7: 28 | N7: {=DATEVALUE(_xlfn.CONCAT("01/", MONTH(EDATE(Tb_Data[[#This Row],[Start Date]],_xlfn.IFS(Tb_Data[[#This Row],[Subscription Type]]="Monthly",1,Tb_Data[[#This Row],[Subscription Type]]="Annual",12,Tb_Data[[#This Row],[Subscription Type]]="Quarterly",3))),"/", YEAR(EDATE(Tb_Data[[#This Row],[Start Date]],_xlfn.IFS(Tb_Data[[#This Row],[Subscription Type]]="Monthly",1,Tb_Data[[#This Row],[Subscription Type]]="Annual",12,Tb_Data[[#This Row],[Subscription Type]]="Quarterly",3)))))} -> 45383 | O7: =IF(Tb_Data[[#This Row],[Expiration_date]]<C̳álculos!$I$6,"",Tb_Data[[#This Row],[Expiration_date]]) | P7: =DATEVALUE(_xlfn.CONCAT("01/",MONTH(Tb_Data[[#This Row],[Start Date]]),"/",YEAR(Tb_Data[[#This Row],[Start Date]]))) -> 45352 | Q7: =IF(Tb_Data[[#This Row],[Auto Renewal]]="yes","Auto","Manual") -> Manual
A8: 3237 | B8: Camila Ribeiro | C8: Ultimate | D8: 45354 | E8: Yes | F8: 15 | G8: Quarterly | H8: Yes | I8: 30 | J8: Yes | K8: 20 | L8: 10 | M8: 55 | N8: {=DATEVALUE(_xlfn.CONCAT("01/", MONTH(EDATE(Tb_Data[[#This Row],[Start Date]],_xlfn.IFS(Tb_Data[[#This Row],[Subscription Type]]="Monthly",1,Tb_Data[[#This Row],[Subscription Type]]="Annual",12,Tb_Data[[#This Row],[Subscription Type]]="Quarterly",3))),"/", YEAR(EDATE(Tb_Data[[#This Row],[Start Date]],_xlfn.IFS(Tb_Data[[#This Row],[Subscription Type]]="Monthly",1,Tb_Data[[#This Row],[Subscription Type]]="Annual",12,Tb_Data[[#This Row],[Subscription Type]]="Quarterly",3)))))} -> 45444 | O8: =IF(Tb_Data[[#This Row],[Expiration_date]]<C̳álculos!$I$6,"",Tb_Data[[#This Row],[Expiration_date]]) | P8: =DATEVALUE(_xlfn.CONCAT("01/",MONTH(Tb_Data[[#This Row],[Start Date]]),"/",YEAR(Tb_Data[[#This Row],[Start Date]]))) -> 45352 | Q8: =IF(Tb_Data[[#This Row],[Auto Renewal]]="yes","Auto","Manual") -> Auto
A9: 3238 | B9: André Mendes | C9: Core | D9: 45355 | E9: Yes | F9: 5 | G9: Annual | H9: No | I9: - | J9: No | K9: 0 | L9: 0 | M9: 5 | N9: {=DATEVALUE(_xlfn.CONCAT("01/", MONTH(EDATE(Tb_Data[[#This Row],[Start Date]],_xlfn.IFS(Tb_Data[[#This Row],[Subscription Type]]="Monthly",1,Tb_Data[[#This Row],[Subscription Type]]="Annual",12,Tb_Data[[#This Row],[Subscription Type]]="Quarterly",3))),"/", YEAR(EDATE(Tb_Data[[#This Row],[Start Date]],_xlfn.IFS(Tb_Data[[#This Row],[Subscription Type]]="Monthly",1,Tb_Data[[#This Row],[Subscription Type]]="Annual",12,Tb_Data[[#This Row],[Subscription Type]]="Quarterly",3)))))} -> 45717 | O9: =IF(Tb_Data[[#This Row],[Expiration_date]]<C̳álculos!$I$6,"",Tb_Data[[#This Row],[Expiration_date]]) -> 45717 | P9: =DATEVALUE(_xlfn.CONCAT("01/",MONTH(Tb_Data[[#This Row],[Start Date]]),"/",YEAR(Tb_Data[[#This Row],[Start Date]]))) -> 45352 | Q9: =IF(Tb_Data[[#This Row],[Auto Renewal]]="yes","Auto","Manual") -> Auto
A10: 3239 | B10: Sofia Almeida | C10: Ultimate | D10: 45356 | E10: No | F10: 15 | G10: Monthly | H10: Yes | I10: 30 | J10: Yes | K10: 20 | L10: 5 | M10: 60 | N10: {=DATEVALUE(_xlfn.CONCAT("01/", MONTH(EDATE(Tb_Data[[#This Row],[Start Date]],_xlfn.IFS(Tb_Data[[#This Row],[Subscription Type]]="Monthly",1,Tb_Data[[#This Row],[Subscription Type]]="Annual",12,Tb_Data[[#This Row],[Subscription Type]]="Quarterly",3))),"/", YEAR(EDATE(Tb_Data[[#This Row],[Start Date]],_xlfn.IFS(Tb_Data[[#This Row],[Subscription Type]]="Monthly",1,Tb_Data[[#This Row],[Subscription Type]]="Annual",12,Tb_Data[[#This Row],[Subscription Type]]="Quarterly",3)))))} -> 45383 | O10: =IF(Tb_Data[[#This Row],[Expiration_date]]<C̳álculos!$I$6,"",Tb_Data[[#This Row],[Expiration_date]]) | P10: =DATEVALUE(_xlfn.CONCAT("01/",MONTH(Tb_Data[[#This Row],[Start Date]]),"/",YEAR(Tb_Data[[#This Row],[Start Date]]))) -> 45352 | Q10: =IF(Tb_Data[[#This Row],[Auto Renewal]]="yes","Auto","Manual") -> Manual
A11: 3240 | B11: Bruno Martins | C11: Standard | D11: 45357 | E11: Yes | F11: 10 | G11: Quarterly | H11: No | I11: - | J11: Yes | K11: 20 | L11: 15 | M11: 15 | N11: {=DATEVALUE(_xlfn.CONCAT("01/", MONTH(EDATE(Tb_Data[[#This Row],[Start Date]],_xlfn.IFS(Tb_Data[[#This Row],[Subscription Type]]="Monthly",1,Tb_Data[[#This Row],[Subscription Type]]="Annual",12,Tb_Data[[#This Row],[Subscription Type]]="Quarterly",3))),"/", YEAR(EDATE(Tb_Data[[#This Row],[Start Date]],_xlfn.IFS(Tb_Data[[#This Row],[Subscription Type]]="Monthly",1,Tb_Data[[#This Row],[Subscription Type]]="Annual",12,Tb_Data[[#This Row],[Subscription Type]]="Quarterly",3)))))} -> 45444 | O11: =IF(Tb_Data[[#This Row],[Expiration_date]]<C̳álculos!$I$6,"",Tb_Data[[#This Row],[Expiration_date]]) | P11: =DATEVALUE(_xlfn.CONCAT("01/",MONTH(Tb_Data[[#This Row],[Start Date]]),"/",YEAR(Tb_Data[[#This Row],[Start Date]]))) -> 45352 | Q11: =IF(Tb_Data[[#This Row],[Auto Renewal]]="yes","Auto","Manual") -> Auto
A12: 3241 | B12: Rita Castro | C12: Core | D12: 45358 | E12: No | F12: 5 | G12: Monthly | H12: No | I12: - | J12: No | K12: 0 | L12: 1 | M12: 4 | N12: {=DATEVALUE(_xlfn.CONCAT("01/", MONTH(EDATE(Tb_Data[[#This Row],[Start Date]],_xlfn.IFS(Tb_Data[[#This Row],[Subscription Type]]="Monthly",1,Tb_Data[[#This Row],[Subscription Type]]="Annual",12,Tb_Data[[#This Row],[Subscription Type]]="Quarterly",3))),"/", YEAR(EDATE(Tb_Data[[#This Row],[Start Date]],_xlfn.IFS(Tb_Data[[#This Row],[Subscription Type]]="Monthly",1,Tb_Data[[#This Row],[Subscription Type]]="Annual",12,Tb_Data[[#This Row],[Subscription Type]]="Quarterly",3)))))} -> 45383 | O12: =IF(Tb_Data[[#This Row],[Expiration_date]]<C̳álculos!$I$6,"",Tb_Data[[#This Row],[Expiration_date]]) | P12: =DATEVALUE(_xlfn.CONCAT("01/",MONTH(Tb_Data[[#This Row],[Start Date]]),"/",YEAR(Tb_Data[[#This Row],[Start Date]]))) -> 45352 | Q12: =IF(Tb_Data[[#This Row],[Auto Renewal]]="yes","Auto","Manual") -> Manual
A13: 3242 | B13: Marco Túlio | C13: Ultimate | D13: 45359 | E13: Yes | F13: 15 | G13: Annual | H13: Yes | I13: 30 | J13: Yes | K13: 20 | L13: 20 | M13: 45 | N13: {=DATEVALUE(_xlfn.CONCAT("01/", MONTH(EDATE(Tb_Data[[#This Row],[Start Date]],_xlfn.IFS(Tb_Data[[#This Row],[Subscription Type]]="Monthly",1,Tb_Data[[#This Row],[Subscription Type]]="Annual",12,Tb_Data[[#This Row],[Subscription Type]]="Quarterly",3))),"/", YEAR(EDATE(Tb_Data[[#This Row],[Start Date]],_xlfn.IFS(Tb_Data[[#This Row],[Subscription Type]]="Monthly",1,Tb_Data[[#This Row],[Subscription Type]]="Annual",12,Tb_Data[[#This Row],[Subscription Type]]="Quarterly",3)))))} -> 45717 | O13: =IF(Tb_Data[[#This Row],[Expiration_date]]<C̳álculos!$I$6,"",Tb_Data[[#This Row],[Expiration_date]]) -> 45717 | P13: =DATEVALUE(_xlfn.CONCAT("01/",MONTH(Tb_Data[[#This Row],[Start Date]]),"/",YEAR(Tb_Data[[#This Row],[Start Date]]))) -> 45352 | Q13: =IF(Tb_Data[[#This Row],[Auto Renewal]]="yes","Auto","Manual") -> Auto
A14: 3243 | B14: Lívia Silveira | C14: Standard | D14: 45360 | E14: No | F14: 10 | G14: Monthly | H14: No | I14: - | J14: Yes | K14: 20 | L14: 10 | M14: 20 | N14: {=DATEVALUE(_xlfn.CONCAT("01/", MONTH(EDATE(Tb_Data[[#This Row],[Start Date]],_xlfn.IFS(Tb_Data[[#This Row],[Subscription Type]]="Monthly",1,Tb_Data[[#This Row],[Subscription Type]]="Annual",12,Tb_Data[[#This Row],[Subscription Type]]="Quarterly",3))),"/", YEAR(EDATE(Tb_Data[[#This Row],[Start Date]],_xlfn.IFS(Tb_Data[[#This Row],[Subscription Type]]="Monthly",1,Tb_Data[[#This Row],[Subscription Type]]="Annual",12,Tb_Data[[#This Row],[Subscription Type]]="Quarterly",3)))))} -> 45383 | O14: =IF(Tb_Data[[#This Row],[Expiration_date]]<C̳álculos!$I$6,"",Tb_Data[[#This Row],[Expiration_date]]) | P14: =DATEVALUE(_xlfn.CONCAT("01/",MONTH(Tb_Data[[#This Row],[Start Date]]),"/",YEAR(Tb_Data[[#This Row],[Start Date]]))) -> 45352 | Q14: =IF(Tb_Data[[#This Row],[Auto Renewal]]="yes","Auto","Manual") -> Manual
A15: 3244 | B15: Diogo Sousa | C15: Core | D15: 45361 | E15: Yes | F15: 5 | G15: Quarterly | H15: No | I15: - | J15: No | K15: 0 | L15: 0 | M15: 5 | N15: {=DATEVALUE(_xlfn.CONCAT("01/", MONTH(EDATE(Tb_Data[[#This Row],[Start Date]],_xlfn.IFS(Tb_Data[[#This Row],[Subscription Type]]="Monthly",1,Tb_Data[[#This Row],[Subscription Type]]="Annual",12,Tb_Data[[#This Row],[Subscription Type]]="Quarterly",3))),"/", YEAR(EDATE(Tb_Data[[#This Row],[Start Date]],_xlfn.IFS(Tb_Data[[#This Row],[Subscription Type]]="Monthly",1,Tb_Data[[#This Row],[Subscription Type]]="Annual",12,Tb_Data[[#This Row],[Subscription Type]]="Quarterly",3)))))} -> 45444 | O15: =IF(Tb_Data[[#This Row],[Expiration_date]]<C̳álculos!$I$6,"",Tb_Data[[#This Row],[Expiration_date]]) | P15: =DATEVALUE(_xlfn.CONCAT("01/",MONTH(Tb_Data[[#This Row],[Start Date]]),"/",YEAR(Tb_Data[[#This Row],[Start Date]]))) -> 45352 | Q15: =IF(Tb_Data[[#This Row],[Auto Renewal]]="yes","Auto","Manual") -> Auto
A16: 3245 | B16: Fernanda Lima | C16: Ultimate | D16: 45362 | E16: No | F16: 15 | G16: Monthly | H16: Yes | I16: 30 | J16: Yes | K16: 20 | L16: 8 | M16: 57 | N16: {=DATEVALUE(_xlfn.CONCAT("01/", MONTH(EDATE(Tb_Data[[#This Row],[Start Date]],_xlfn.IFS(Tb_Data[[#This Row],[Subscription Type]]="Monthly",1,Tb_Data[[#This Row],[Subscription Type]]="Annual",12,Tb_Data[[#This Row],[Subscription Type]]="Quarterly",3))),"/", YEAR(EDATE(Tb_Data[[#This Row],[Start Date]],_xlfn.IFS(Tb_Data[[#This Row],[Subscription Type]]="Monthly",1,Tb_Data[[#This Row],[Subscription Type]]="Annual",12,Tb_Data[[#This Row],[Subscription Type]]="Quarterly",3)))))} -> 45383 | O16: =IF(Tb_Data[[#This Row],[Expiration_date]]<C̳álculos!$I$6,"",Tb_Data[[#This Row],[Expiration_date]]) | P16: =DATEVALUE(_xlfn.CONCAT("01/",MONTH(Tb_Data[[#This Row],[Start Date]]),"/",YEAR(Tb_Data[[#This Row],[Start Date]]))) -> 45352 | Q16: =IF(Tb_Data[[#This Row],[Auto Renewal]]="yes","Auto","Manual") -> Manual
A17: 3246 | B17: Caio Pereira | C17: Standard | D17: 45363 | E17: Yes | F17: 10 | G17: Annual | H17: No | I17: - | J17: Yes | K17: 20 | L17: 12 | M17: 18 | N17: {=DATEVALUE(_xlfn.CONCAT("01/", MONTH(EDATE(Tb_Data[[#This Row],[Start Date]],_xlfn.IFS(Tb_Data[[#This Row],[Subscription Type]]="Monthly",1,Tb_Data[[#This Row],[Subscription Type]]="Annual",12,Tb_Data[[#This Row],[Subscription Type]]="Quarterly",3))),"/", YEAR(EDATE(Tb_Data[[#This Row],[Start Date]],_xlfn.IFS(Tb_Data[[#This Row],[Subscription Type]]="Monthly",1,Tb_Data[[#This Row],[Subscription Type]]="Annual",12,Tb_Data[[#This Row],[Subscription Type]]="Quarterly",3)))))} -> 45717 | O17: =IF(Tb_Data[[#This Row],[Expiration_date]]<C̳álculos!$I$6,"",Tb_Data[[#This Row],[Expiration_date]]) -> 45717 | P17: =DATEVALUE(_xlfn.CONCAT("01/",MONTH(Tb_Data[[#This Row],[Start Date]]),"/",YEAR(Tb_Data[[#This Row],[Start Date]]))) -> 45352 | Q17: =IF(Tb_Data[[#This Row],[Auto Renewal]]="yes","Auto","Manual") -> Auto
A18: 3247 | B18: Beatriz Gomes | C18: Core | D18: 45364 | E18: No | F18: 5 | G18: Monthly | H18: No | I18: - | J18: No | K18: 0 | L18: 2 | M18: 3 | N18: {=DATEVALUE(_xlfn.CONCAT("01/", MONTH(EDATE(Tb_Data[[#This Row],[Start Date]],_xlfn.IFS(Tb_Data[[#This Row],[Subscription Type]]="Monthly",1,Tb_Data[[#This Row],[Subscription Type]]="Annual",12,Tb_Data[[#This Row],[Subscription Type]]="Quarterly",3))),"/", YEAR(EDATE(Tb_Data[[#This Row],[Start Date]],_xlfn.IFS(Tb_Data[[#This Row],[Subscription Type]]="Monthly",1,Tb_Data[[#This Row],[Subscription Type]]="Annual",12,Tb_Data[[#This Row],[Subscription Type]]="Quarterly",3)))))} -> 45383 | O18: =IF(Tb_Data[[#This Row],[Expiration_date]]<C̳álculos!$I$6,"",Tb_Data[[#This Row],[Expiration_date]]) | P18: =DATEVALUE(_xlfn.CONCAT("01/",MONTH(Tb_Data[[#This Row],[Start Date]]),"/",YEAR(Tb_Data[[#This Row],[Start Date]]))) -> 45352 | Q18: =IF(Tb_Data[[#This Row],[Auto Renewal]]="yes","Auto","Manual") -> Manual
A19: 3248 | B19: Cesar Oliveira | C19: Ultimate | D19: 45365 | E19: Yes | F19: 15 | G19: Quarterly | H19: Yes | I19: 30 | J19: Yes | K19: 20 | L19: 7 | M19: 58 | N19: {=DATEVALUE(_xlfn.CONCAT("01/", MONTH(EDATE(Tb_Data[[#This Row],[Start Date]],_xlfn.IFS(Tb_Data[[#This Row],[Subscription Type]]="Monthly",1,Tb_Data[[#This Row],[Subscription Type]]="Annual",12,Tb_Data[[#This Row],[Subscription Type]]="Quarterly",3))),"/", YEAR(EDATE(Tb_Data[[#This Row],[Start Date]],_xlfn.IFS(Tb_Data[[#This Row],[Subscription Type]]="Monthly",1,Tb_Data[[#This Row],[Subscription Type]]="Annual",12,Tb_Data[[#This Row],[Subscription Type]]="Quarterly",3)))))} -> 45444 | O19: =IF(Tb_Data[[#This Row],[Expiration_date]]<C̳álculos!$I$6,"",Tb_Data[[#This Row],[Expiration_date]]) | P19: =DATEVALUE(_xlfn.CONCAT("01/",MONTH(Tb_Data[[#This Row],[Start Date]]),"/",YEAR(Tb_Data[[#This Row],[Start Date]]))) -> 45352 | Q19: =IF(Tb_Data[[#This Row],[Auto Renewal]]="yes","Auto","Manual") -> Auto
A20: 3249 | B20: Débora Machado | C20: Standard | D20: 45366 | E20: No | F20: 10 | G20: Monthly | H20: No | I20: - | J20: Yes | K20: 20 | L20: 5 | M20: 25 | N20: {=DATEVALUE(_xlfn.CONCAT("01/", MONTH(EDATE(Tb_Data[[#This Row],[Start Date]],_xlfn.IFS(Tb_Data[[#This Row],[Subscription Type]]="Monthly",1,Tb_Data[[#This Row],[Subscription Type]]="Annual",12,Tb_Data[[#This Row],[Subscription Type]]="Quarterly",3))),"/", YEAR(EDATE(Tb_Data[[#This Row],[Start Date]],_xlfn.IFS(Tb_Data[[#This Row],[Subscription Type]]="Monthly",1,Tb_Data[[#This Row],[Subscription Type]]="Annual",12,Tb_Data[[#This Row],[Subscription Type]]="Quarterly",3)))))} -> 45383 | O20: =IF(Tb_Data[[#This Row],[Expiration_date]]<C̳álculos!$I$6,"",Tb_Data[[#This Row],[Expiration_date]]) | P20: =DATEVALUE(_xlfn.CONCAT("01/",MONTH(Tb_Data[[#This Row],[Start Date]]),"/",YEAR(Tb_Data[[#This Row],[Start Date]]))) -> 45352 | Q20: =IF(Tb_Data[[#This Row],[Auto Renewal]]="yes","Auto","Manual") -> Manual
A21: 3250 | B21: Eduardo Vargas | C21: Core | D21: 45367 | E21: Yes | F21: 5 | G21: Annual | H21: No | I21: - | J21: No | K21: 0 | L21: 0 | M21: 5 | N21: {=DATEVALUE(_xlfn.CONCAT("01/", MONTH(EDATE(Tb_Data[[#This Row],[Start Date]],_xlfn.IFS(Tb_Data[[#This Row],[Subscription Type]]="Monthly",1,Tb_Data[[#This Row],[Subscription Type]]="Annual",12,Tb_Data[[#This Row],[Subscription Type]]="Quarterly",3))),"/", YEAR(EDATE(Tb_Data[[#This Row],[Start Date]],_xlfn.IFS(Tb_Data[[#This Row],[Subscription Type]]="Monthly",1,Tb_Data[[#This Row],[Subscription Type]]="Annual",12,Tb_Data[[#This Row],[Subscription Type]]="Quarterly",3)))))} -> 45717 | O21: =IF(Tb_Data[[#This Row],[Expiration_date]]<C̳álculos!$I$6,"",Tb_Data[[#This Row],[Expiration_date]]) -> 45717 | P21: =DATEVALUE(_xlfn.CONCAT("01/",MONTH(Tb_Data[[#This Row],[Start Date]]),"/",YEAR(Tb_Data[[#This Row],[Start Date]]))) -> 45352 | Q21: =IF(Tb_Data[[#This Row],[Auto Renewal]]="yes","Auto","Manual") -> Auto
A22: 3251 | B22: Gabriela Santos | C22: Ultimate | D22: 45368 | E22: No | F22: 15 | G22: Monthly | H22: Yes | I22: 30 | J22: Yes | K22: 20 | L22: 3 | M22: 62 | N22: {=DATEVALUE(_xlfn.CONCAT("01/", MONTH(EDATE(Tb_Data[[#This Row],[Start Date]],_xlfn.IFS(Tb_Data[[#This Row],[Subscription Type]]="Monthly",1,Tb_Data[[#This Row],[Subscription Type]]="Annual",12,Tb_Data[[#This Row],[Subscription Type]]="Quarterly",3))),"/", YEAR(EDATE(Tb_Data[[#This Row],[Start Date]],_xlfn.IFS(Tb_Data[[#This Row],[Subscription Type]]="Monthly",1,Tb_Data[[#This Row],[Subscription Type]]="Annual",12,Tb_Data[[#This Row],[Subscription Type]]="Quarterly",3)))))} -> 45383 | O22: =IF(Tb_Data[[#This Row],[Expiration_date]]<C̳álculos!$I$6,"",Tb_Data[[#This Row],[Expiration_date]]) | P22: =DATEVALUE(_xlfn.CONCAT("01/",MONTH(Tb_Data[[#This Row],[Start Date]]),"/",YEAR(Tb_Data[[#This Row],[Start Date]]))) -> 45352 | Q22: =IF(Tb_Data[[#This Row],[Auto Renewal]]="yes","Auto","Manual") -> Manual
A23: 3252 | B23: Henrique Dias | C23: Standard | D23: 45369 | E23: Yes | F23: 10 | G23: Quarterly | H23: No | I23: - | J23: Yes | K23: 20 | L23: 15 | M23: 15 | N23: {=DATEVALUE(_xlfn.CONCAT("01/", MONTH(EDATE(Tb_Data[[#This Row],[Start Date]],_xlfn.IFS(Tb_Data[[#This Row],[Subscription Type]]="Monthly",1,Tb_Data[[#This Row],[Subscription Type]]="Annual",12,Tb_Data[[#This Row],[Subscription Type]]="Quarterly",3))),"/", YEAR(EDATE(Tb_Data[[#This Row],[Start Date]],_xlfn.IFS(Tb_Data[[#This Row],[Subscription Type]]="Monthly",1,Tb_Data[[#This Row],[Subscription Type]]="Annual",12,Tb_Data[[#This Row],[Subscription Type]]="Quarterly",3)))))} -> 45444 | O23: =IF(Tb_Data[[#This Row],[Expiration_date]]<C̳álculos!$I$6,"",Tb_Data[[#This Row],[Expiration_date]]) | P23: =DATEVALUE(_xlfn.CONCAT("01/",MONTH(Tb_Data[[#This Row],[Start Date]]),"/",YEAR(Tb_Data[[#This Row],[Start Date]]))) -> 45352 | Q23: =IF(Tb_Data[[#This Row],[Auto Renewal]]="yes","Auto","Manual") -> Auto
A24: 3253 | B24: Isabela Moreira | C24: Core | D24: 45370 | E24: No | F24: 5 | G24: Monthly | H24: No | I24: - | J24: No | K24: 0 | L24: 1 | M24: 4 | N24: {=DATEVALUE(_xlfn.CONCAT("01/", MONTH(EDATE(Tb_Data[[#This Row],[Start Date]],_xlfn.IFS(Tb_Data[[#This Row],[Subscription Type]]="Monthly",1,Tb_Data[[#This Row],[Subscription Type]]="Annual",12,Tb_Data[[#This Row],[Subscription Type]]="Quarterly",3))),"/", YEAR(EDATE(Tb_Data[[#This Row],[Start Date]],_xlfn.IFS(Tb_Data[[#This Row],[Subscription Type]]="Monthly",1,Tb_Data[[#This Row],[Subscription Type]]="Annual",12,Tb_Data[[#This Row],[Subscription Type]]="Quarterly",3)))))} -> 45383 | O24: =IF(Tb_Data[[#This Row],[Expiration_date]]<C̳álculos!$I$6,"",Tb_Data[[#This Row],[Expiration_date]]) | P24: =DATEVALUE(_xlfn.CONCAT("01/",MONTH(Tb_Data[[#This Row],[Start Date]]),"/",YEAR(Tb_Data[[#This Row],[Start Date]]))) -> 45352 | Q24: =IF(Tb_Data[[#This Row],[Auto Renewal]]="yes","Auto","Manual") -> Manual
A25: 3254 | B25: Joaquim Barbosa | C25: Ultimate | D25: 45371 | E25: Yes | F25: 15 | G25: Annual | H25: Yes | I25: 30 | J25: Yes | K25: 20 | L25: 20 | M25: 45 | N25: {=DATEVALUE(_xlfn.CONCAT("01/", MONTH(EDATE(Tb_Data[[#This Row],[Start Date]],_xlfn.IFS(Tb_Data[[#This Row],[Subscription Type]]="Monthly",1,Tb_Data[[#This Row],[Subscription Type]]="Annual",12,Tb_Data[[#This Row],[Subscription Type]]="Quarterly",3))),"/", YEAR(EDATE(Tb_Data[[#This Row],[Start Date]],_xlfn.IFS(Tb_Data[[#This Row],[Subscription Type]]="Monthly",1,Tb_Data[[#This Row],[Subscription Type]]="Annual",12,Tb_Data[[#This Row],[Subscription Type]]="Quarterly",3)))))} -> 45717 | O25: =IF(Tb_Data[[#This Row],[Expiration_date]]<C̳álculos!$I$6,"",Tb_Data[[#This Row],[Expiration_date]]) -> 45717 | P25: =DATEVALUE(_xlfn.CONCAT("01/",MONTH(Tb_Data[[#This Row],[Start Date]]),"/",YEAR(Tb_Data[[#This Row],[Start Date]]))) -> 45352 | Q25: =IF(Tb_Data[[#This Row],[Auto Renewal]]="yes","Auto","Manual") -> Auto
A26: 3255 | B26: Lara Rocha | C26: Standard | D26: 45372 | E26: No | F26: 10 | G26: Monthly | H26: No | I26: - | J26: Yes | K26: 20 | L26: 10 | M26: 20 | N26: {=DATEVALUE(_xlfn.CONCAT("01/", MONTH(EDATE(Tb_Data[[#This Row],[Start Date]],_xlfn.IFS(Tb_Data[[#This Row],[Subscription Type]]="Monthly",1,Tb_Data[[#This Row],[Subscription Type]]="Annual",12,Tb_Data[[#This Row],[Subscription Type]]="Quarterly",3))),"/", YEAR(EDATE(Tb_Data[[#This Row],[Start Date]],_xlfn.IFS(Tb_Data[[#This Row],[Subscription Type]]="Monthly",1,Tb_Data[[#This Row],[Subscription Type]]="Annual",12,Tb_Data[[#This Row],[Subscription Type]]="Quarterly",3)))))} -> 45383 | O26: =IF(Tb_Data[[#This Row],[Expiration_date]]<C̳álculos!$I$6,"",Tb_Data[[#This Row],[Expiration_date]]) | P26: =DATEVALUE(_xlfn.CONCAT("01/",MONTH(Tb_Data[[#This Row],[Start Date]]),"/",YEAR(Tb_Data[[#This Row],[Start Date]]))) -> 45352 | Q26: =IF(Tb_Data[[#This Row],[Auto Renewal]]="yes","Auto","Manual") -> Manual
A27: 3256 | B27: Matheus Silva | C27: Core | D27: 45373 | E27: Yes | F27: 5 | G27: Quarterly | H27: No | I27: - | J27: No | K27: 0 | L27: 0 | M27: 5 | N27: {=DATEVALUE(_xlfn.CONCAT("01/", MONTH(EDATE(Tb_Data[[#This Row],[Start Date]],_xlfn.IFS(Tb_Data[[#This Row],[Subscription Type]]="Monthly",1,Tb_Data[[#This Row],[Subscription Type]]="Annual",12,Tb_Data[[#This Row],[Subscription Type]]="Quarterly",3))),"/", YEAR(EDATE(Tb_Data[[#This Row],[Start Date]],_xlfn.IFS(Tb_Data[[#This Row],[Subscription Type]]="Monthly",1,Tb_Data[[#This Row],[Subscription Type]]="Annual",12,Tb_Data[[#This Row],[Subscription Type]]="Quarterly",3)))))} -> 45444 | O27: =IF(Tb_Data[[#This Row],[Expiration_date]]<C̳álculos!$I$6,"",Tb_Data[[#This Row],[Expiration_date]]) | P27: =DATEVALUE(_xlfn.CONCAT("01/",MONTH(Tb_Data[[#This Row],[Start Date]]),"/",YEAR(Tb_Data[[#This Row],[Start Date]]))) -> 45352 | Q27: =IF(Tb_Data[[#This Row],[Auto Renewal]]="yes","Auto","Manual") -> Auto
A28: 3257 | B28: Nicole Costa | C28: Ultimate | D28: 45374 | E28: No | F28: 15 | G28: Monthly | H28: Yes | I28: 30 | J28: Yes | K28: 20 | L28: 5 | M28: 60 | N28: {=DATEVALUE(_xlfn.CONCAT("01/", MONTH(EDATE(Tb_Data[[#This Row],[Start Date]],_xlfn.IFS(Tb_Data[[#This Row],[Subscription Type]]="Monthly",1,Tb_Data[[#This Row],[Subscription Type]]="Annual",12,Tb_Data[[#This Row],[Subscription Type]]="Quarterly",3))),"/", YEAR(EDATE(Tb_Data[[#This Row],[Start Date]],_xlfn.IFS(Tb_Data[[#This Row],[Subscription Type]]="Monthly",1,Tb_Data[[#This Row],[Subscription Type]]="Annual",12,Tb_Data[[#This Row],[Subscription Type]]="Quarterly",3)))))} -> 45383 | O28: =IF(Tb_Data[[#This Row],[Expiration_date]]<C̳álculos!$I$6,"",Tb_Data[[#This Row],[Expiration_date]]) | P28: =DATEVALUE(_xlfn.CONCAT("01/",MONTH(Tb_Data[[#This Row],[Start Date]]),"/",YEAR(Tb_Data[[#This Row],[Start Date]]))) -> 45352 | Q28: =IF(Tb_Data[[#This Row],[Auto Renewal]]="yes","Auto","Manual") -> Manual
A29: 3258 | B29: Otávio Mendonça | C29: Standard | D29: 45375 | E29: Yes | F29: 10 | G29: Annual | H29: No | I29: - | J29: Yes | K29: 20 | L29: 15 | M29: 15 | N29: {=DATEVALUE(_xlfn.CONCAT("01/", MONTH(EDATE(Tb_Data[[#This Row],[Start Date]],_xlfn.IFS(Tb_Data[[#This Row],[Subscription Type]]="Monthly",1,Tb_Data[[#This Row],[Subscription Type]]="Annual",12,Tb_Data[[#This Row],[Subscription Type]]="Quarterly",3))),"/", YEAR(EDATE(Tb_Data[[#This Row],[Start Date]],_xlfn.IFS(Tb_Data[[#This Row],[Subscription Type]]="Monthly",1,Tb_Data[[#This Row],[Subscription Type]]="Annual",12,Tb_Data[[#This Row],[Subscription Type]]="Quarterly",3)))))} -> 45717 | O29: =IF(Tb_Data[[#This Row],[Expiration_date]]<C̳álculos!$I$6,"",Tb_Data[[#This Row],[Expiration_date]]) -> 45717 | P29: =DATEVALUE(_xlfn.CONCAT("01/",MONTH(Tb_Data[[#This Row],[Start Date]]),"/",YEAR(Tb_Data[[#This Row],[Start Date]]))) -> 45352 | Q29: =IF(Tb_Data[[#This Row],[Auto Renewal]]="yes","Auto","Manual") -> Auto
A30: 3259 | B30: Paula Ferreira | C30: Core | D30: 45376 | E30: No | F30: 5 | G30: Monthly | H30: No | I30: - | J30: No | K30: 0 | L30: 1 | M30: 4 | N30: {=DATEVALUE(_xlfn.CONCAT("01/", MONTH(EDATE(Tb_Data[[#This Row],[Start Date]],_xlfn.IFS(Tb_Data[[#This Row],[Subscription Type]]="Monthly",1,Tb_Data[[#This Row],[Subscription Type]]="Annual",12,Tb_Data[[#This Row],[Subscription Type]]="Quarterly",3))),"/", YEAR(EDATE(Tb_Data[[#This Row],[Start Date]],_xlfn.IFS(Tb_Data[[#This Row],[Subscription Type]]="Monthly",1,Tb_Data[[#This Row],[Subscription Type]]="Annual",12,Tb_Data[[#This Row],[Subscription Type]]="Quarterly",3)))))} -> 45383 | O30: =IF(Tb_Data[[#This Row],[Expiration_date]]<C̳álculos!$I$6,"",Tb_Data[[#This Row],[Expiration_date]]) | P30: =DATEVALUE(_xlfn.CONCAT("01/",MONTH(Tb_Data[[#This Row],[Start Date]]),"/",YEAR(Tb_Data[[#This Row],[Start Date]]))) -> 45352 | Q30: =IF(Tb_Data[[#This Row],[Auto Renewal]]="yes","Auto","Manual") -> Manual
A31: 3260 | B31: Raquel Alves | C31: Ultimate | D31: 45377 | E31: Yes | F31: 15 | G31: Quarterly | H31: Yes | I31: 30 | J31: Yes | K31: 20 | L31: 7 | M31: 58 | N31: {=DATEVALUE(_xlfn.CONCAT("01/", MONTH(EDATE(Tb_Data[[#This Row],[Start Date]],_xlfn.IFS(Tb_Data[[#This Row],[Subscription Type]]="Monthly",1,Tb_Data[[#This Row],[Subscription Type]]="Annual",12,Tb_Data[[#This Row],[Subscription Type]]="Quarterly",3))),"/", YEAR(EDATE(Tb_Data[[#This Row],[Start Date]],_xlfn.IFS(Tb_Data[[#This Row],[Subscription Type]]="Monthly",1,Tb_Data[[#This Row],[Subscription Type]]="Annual",12,Tb_Data[[#This Row],[Subscription Type]]="Quarterly",3)))))} -> 45444 | O31: =IF(Tb_Data[[#This Row],[Expiration_date]]<C̳álculos!$I$6,"",Tb_Data[[#This Row],[Expiration_date]]) | P31: =DATEVALUE(_xlfn.CONCAT("01/",MONTH(Tb_Data[[#This Row],[Start Date]]),"/",YEAR(Tb_Data[[#This Row],[Start Date]]))) -> 45352 | Q31: =IF(Tb_Data[[#This Row],[Auto Renewal]]="yes","Auto","Manual") -> Auto
A32: 3261 | B32: Samuel Pires | C32: Standard | D32: 45378 | E32: No | F32: 10 | G32: Monthly | H32: No | I32: - | J32: Yes | K32: 20 | L32: 10 | M32: 20 | N32: {=DATEVALUE(_xlfn.CONCAT("01/", MONTH(EDATE(Tb_Data[[#This Row],[Start Date]],_xlfn.IFS(Tb_Data[[#This Row],[Subscription Type]]="Monthly",1,Tb_Data[[#This Row],[Subscription Type]]="Annual",12,Tb_Data[[#This Row],[Subscription Type]]="Quarterly",3))),"/", YEAR(EDATE(Tb_Data[[#This Row],[Start Date]],_xlfn.IFS(Tb_Data[[#This Row],[Subscription Type]]="Monthly",1,Tb_Data[[#This Row],[Subscription Type]]="Annual",12,Tb_Data[[#This Row],[Subscription Type]]="Quarterly",3)))))} -> 45383 | O32: =IF(Tb_Data[[#This Row],[Expiration_date]]<C̳álculos!$I$6,"",Tb_Data[[#This Row],[Expiration_date]]) | P32: =DATEVALUE(_xlfn.CONCAT("01/",MONTH(Tb_Data[[#This Row],[Start Date]]),"/",YEAR(Tb_Data[[#This Row],[Start Date]]))) -> 45352 | Q32: =IF(Tb_Data[[#This Row],[Auto Renewal]]="yes","Auto","Manual") -> Manual
A33: 3262 | B33: Tânia Barros | C33: Core | D33: 45379 | E33: Yes | F33: 5 | G33: Annual | H33: No | I33: - | J33: No | K33: 0 | L33: 0 | M33: 5 | N33: {=DATEVALUE(_xlfn.CONCAT("01/", MONTH(EDATE(Tb_Data[[#This Row],[Start Date]],_xlfn.IFS(Tb_Data[[#This Row],[Subscription Type]]="Monthly",1,Tb_Data[[#This Row],[Subscription Type]]="Annual",12,Tb_Data[[#This Row],[Subscription Type]]="Quarterly",3))),"/", YEAR(EDATE(Tb_Data[[#This Row],[Start Date]],_xlfn.IFS(Tb_Data[[#This Row],[Subscription Type]]="Monthly",1,Tb_Data[[#This Row],[Subscription Type]]="Annual",12,Tb_Data[[#This Row],[Subscription Type]]="Quarterly",3)))))} -> 45717 | O33: =IF(Tb_Data[[#This Row],[Expiration_date]]<C̳álculos!$I$6,"",Tb_Data[[#This Row],[Expiration_date]]) -> 45717 | P33: =DATEVALUE(_xlfn.CONCAT("01/",MONTH(Tb_Data[[#This Row],[Start Date]]),"/",YEAR(Tb_Data[[#This Row],[Start Date]]))) -> 45352 | Q33: =IF(Tb_Data[[#This Row],[Auto Renewal]]="yes","Auto","Manual") -> Auto
A34: 3263 | B34: Vinicius Lima | C34: Ultimate | D34: 45380 | E34: No | F34: 15 | G34: Monthly | H34: Yes | I34: 30 | J34: Yes | K34: 20 | L34: 3 | M34: 62 | N34: {=DATEVALUE(_xlfn.CONCAT("01/", MONTH(EDATE(Tb_Data[[#This Row],[Start Date]],_xlfn.IFS(Tb_Data[[#This Row],[Subscription Type]]="Monthly",1,Tb_Data[[#This Row],[Subscription Type]]="Annual",12,Tb_Data[[#This Row],[Subscription Type]]="Quarterly",3))),"/", YEAR(EDATE(Tb_Data[[#This Row],[Start Date]],_xlfn.IFS(Tb_Data[[#This Row],[Subscription Type]]="Monthly",1,Tb_Data[[#This Row],[Subscription Type]]="Annual",12,Tb_Data[[#This Row],[Subscription Type]]="Quarterly",3)))))} -> 45383 | O34: =IF(Tb_Data[[#This Row],[Expiration_date]]<C̳álculos!$I$6,"",Tb_Data[[#This Row],[Expiration_date]]) | P34: =DATEVALUE(_xlfn.CONCAT("01/",MONTH(Tb_Data[[#This Row],[Start Date]]),"/",YEAR(Tb_Data[[#This Row],[Start Date]]))) -> 45352 | Q34: =IF(Tb_Data[[#This Row],[Auto Renewal]]="yes","Auto","Manual") -> Manual
A35: 3264 | B35: Yasmin Teixeira | C35: Standard | D35: 45381 | E35: Yes | F35: 10 | G35: Quarterly | H35: No | I35: - | J35: Yes | K35: 20 | L35: 15 | M35: 15 | N35: {=DATEVALUE(_xlfn.CONCAT("01/", MONTH(EDATE(Tb_Data[[#This Row],[Start Date]],_xlfn.IFS(Tb_Data[[#This Row],[Subscription Type]]="Monthly",1,Tb_Data[[#This Row],[Subscription Type]]="Annual",12,Tb_Data[[#This Row],[Subscription Type]]="Quarterly",3))),"/", YEAR(EDATE(Tb_Data[[#This Row],[Start Date]],_xlfn.IFS(Tb_Data[[#This Row],[Subscription Type]]="Monthly",1,Tb_Data[[#This Row],[Subscription Type]]="Annual",12,Tb_Data[[#This Row],[Subscription Type]]="Quarterly",3)))))} -> 45444 | O35: =IF(Tb_Data[[#This Row],[Expiration_date]]<C̳álculos!$I$6,"",Tb_Data[[#This Row],[Expiration_date]]) | P35: =DATEVALUE(_xlfn.CONCAT("01/",MONTH(Tb_Data[[#This Row],[Start Date]]),"/",YEAR(Tb_Data[[#This Row],[Start Date]]))) -> 45352 | Q35: =IF(Tb_Data[[#This Row],[Auto Renewal]]="yes","Auto","Manual") -> Auto
A36: 3265 | B36: Zé Carlos | C36: Core | D36: 45382 | E36: No | F36: 5 | G36: Monthly | H36: No | I36: - | J36: No | K36: 0 | L36: 1 | M36: 4 | N36: {=DATEVALUE(_xlfn.CONCAT("01/", MONTH(EDATE(Tb_Data[[#This Row],[Start Date]],_xlfn.IFS(Tb_Data[[#This Row],[Subscription Type]]="Monthly",1,Tb_Data[[#This Row],[Subscription Type]]="Annual",12,Tb_Data[[#This Row],[Subscription Type]]="Quarterly",3))),"/", YEAR(EDATE(Tb_Data[[#This Row],[Start Date]],_xlfn.IFS(Tb_Data[[#This Row],[Subscription Type]]="Monthly",1,Tb_Data[[#This Row],[Subscription Type]]="Annual",12,Tb_Data[[#This Row],[Subscription Type]]="Quarterly",3)))))} -> 45383 | O36: =IF(Tb_Data[[#This Row],[Expiration_date]]<C̳álculos!$I$6,"",Tb_Data[[#This Row],[Expiration_date]]) | P36: =DATEVALUE(_xlfn.CONCAT("01/",MONTH(Tb_Data[[#This Row],[Start Date]]),"/",YEAR(Tb_Data[[#This Row],[Start Date]]))) -> 45352 | Q36: =IF(Tb_Data[[#This Row],[Auto Renewal]]="yes","Auto","Manual") -> Manual
A37: 3266 | B37: Amanda Nogueira | C37: Core | D37: 45383 | E37: Yes | F37: 5 | G37: Monthly | H37: No | I37: - | J37: No | K37: 0 | L37: 0 | M37: 5 | N37: {=DATEVALUE(_xlfn.CONCAT("01/", MONTH(EDATE(Tb_Data[[#This Row],[Start Date]],_xlfn.IFS(Tb_Data[[#This Row],[Subscription Type]]="Monthly",1,Tb_Data[[#This Row],[Subscription Type]]="Annual",12,Tb_Data[[#This Row],[Subscription Type]]="Quarterly",3))),"/", YEAR(EDATE(Tb_Data[[#This Row],[Start Date]],_xlfn.IFS(Tb_Data[[#This Row],[Subscription Type]]="Monthly",1,Tb_Data[[#This Row],[Subscription Type]]="Annual",12,Tb_Data[[#This Row],[Subscription Type]]="Quarterly",3)))))} -> 45413 | O37: =IF(Tb_Data[[#This Row],[Expiration_date]]<C̳álculos!$I$6,"",Tb_Data[[#This Row],[Expiration_date]]) | P37: =DATEVALUE(_xlfn.CONCAT("01/",MONTH(Tb_Data[[#This Row],[Start Date]]),"/",YEAR(Tb_Data[[#This Row],[Start Date]]))) -> 45383 | Q37: =IF(Tb_Data[[#This Row],[Auto Renewal]]="yes","Auto","Manual") -> Auto
A38: 3267 | B38: Bruno Cavalheiro | C38: Ultimate | D38: 45384 | E38: No | F38: 15 | G38: Quarterly | H38: Yes | I38: 30 | J38: Yes | K38: 20 | L38: 7 | M38: 58 | N38: {=DATEVALUE(_xlfn.CONCAT("01/", MONTH(EDATE(Tb_Data[[#This Row],[Start Date]],_xlfn.IFS(Tb_Data[[#This Row],[Subscription Type]]="Monthly",1,Tb_Data[[#This Row],[Subscription Type]]="Annual",12,Tb_Data[[#This Row],[Subscription Type]]="Quarterly",3))),"/", YEAR(EDATE(Tb_Data[[#This Row],[Start Date]],_xlfn.IFS(Tb_Data[[#This Row],[Subscription Type]]="Monthly",1,Tb_Data[[#This Row],[Subscription Type]]="Annual",12,Tb_Data[[#This Row],[Subscription Type]]="Quarterly",3)))))} -> 45474 | O38: =IF(Tb_Data[[#This Row],[Expiration_date]]<C̳álculos!$I$6,"",Tb_Data[[#This Row],[Expiration_date]]) | P38: =DATEVALUE(_xlfn.CONCAT("01/",MONTH(Tb_Data[[#This Row],[Start Date]]),"/",YEAR(Tb_Data[[#This Row],[Start Date]]))) -> 45383 | Q38: =IF(Tb_Data[[#This Row],[Auto Renewal]]="yes","Auto","Manual") -> Manual
A39: 3268 | B39: Carla Dias | C39: Standard | D39: 45385 | E39: Yes | F39: 10 | G39: Annual | H39: No | I39: - | J39: Yes | K39: 20 | L39: 10 | M39: 20 | N39: {=DATEVALUE(_xlfn.CONCAT("01/", MONTH(EDATE(Tb_Data[[#This Row],[Start Date]],_xlfn.IFS(Tb_Data[[#This Row],[Subscription Type]]="Monthly",1,Tb_Data[[#This Row],[Subscription Type]]="Annual",12,Tb_Data[[#This Row],[Subscription Type]]="Quarterly",3))),"/", YEAR(EDATE(Tb_Data[[#This Row],[Start Date]],_xlfn.IFS(Tb_Data[[#This Row],[Subscription Type]]="Monthly",1,Tb_Data[[#This Row],[Subscription Type]]="Annual",12,Tb_Data[[#This Row],[Subscription Type]]="Quarterly",3)))))} -> 45748 | O39: =IF(Tb_Data[[#This Row],[Expiration_date]]<C̳álculos!$I$6,"",Tb_Data[[#This Row],[Expiration_date]]) -> 45748 | P39: =DATEVALUE(_xlfn.CONCAT("01/",MONTH(Tb_Data[[#This Row],[Start Date]]),"/",YEAR(Tb_Data[[#This Row],[Start Date]]))) -> 45383 | Q39: =IF(Tb_Data[[#This Row],[Auto Renewal]]="yes","Auto","Manual") -> Auto
A40: 3269 | B40: Diego Fontes | C40: Core | D40: 45386 | E40: No | F40: 5 | G40: Quarterly | H40: No | I40: - | J40: No | K40: 0 | L40: 1 | M40: 4 | N40: {=DATEVALUE(_xlfn.CONCAT("01/", MONTH(EDATE(Tb_Data[[#This Row],[Start Date]],_xlfn.IFS(Tb_Data[[#This Row],[Subscription Type]]="Monthly",1,Tb_Data[[#This Row],[Subscription Type]]="Annual",12,Tb_Data[[#This Row],[Subscription Type]]="Quarterly",3))),"/", YEAR(EDATE(Tb_Data[[#This Row],[Start Date]],_xlfn.IFS(Tb_Data[[#This Row],[Subscription Type]]="Monthly",1,Tb_Data[[#This Row],[Subscription Type]]="Annual",12,Tb_Data[[#This Row],[Subscription Type]]="Quarterly",3)))))} -> 45474 | O40: =IF(Tb_Data[[#This Row],[Expiration_date]]<C̳álculos!$I$6,"",Tb_Data[[#This Row],[Expiration_date]]) | P40: =DATEVALUE(_xlfn.CONCAT("01/",MONTH(Tb_Data[[#This Row],[Start Date]]),"/",YEAR(Tb_Data[[#This Row],[Start Date]]))) -> 45383 | Q40: =IF(Tb_Data[[#This Row],[Auto Renewal]]="yes","Auto","Manual") -> Manual
A41: 3270 | B41: Eunice Lima | C41: Ultimate | D41: 45387 | E41: Yes | F41: 15 | G41: Monthly | H41: Yes | I41: 30 | J41: Yes | K41: 20 | L41: 15 | M41: 50 | N41: {=DATEVALUE(_xlfn.CONCAT("01/", MONTH(EDATE(Tb_Data[[#This Row],[Start Date]],_xlfn.IFS(Tb_Data[[#This Row],[Subscription Type]]="Monthly",1,Tb_Data[[#This Row],[Subscription Type]]="Annual",12,Tb_Data[[#This Row],[Subscription Type]]="Quarterly",3))),"/", YEAR(EDATE(Tb_Data[[#This Row],[Start Date]],_xlfn.IFS(Tb_Data[[#This Row],[Subscription Type]]="Monthly",1,Tb_Data[[#This Row],[Subscription Type]]="Annual",12,Tb_Data[[#This Row],[Subscription Type]]="Quarterly",3)))))} -> 45413 | O41: =IF(Tb_Data[[#This Row],[Expiration_date]]<C̳álculos!$I$6,"",Tb_Data[[#This Row],[Expiration_date]]) | P41: =DATEVALUE(_xlfn.CONCAT("01/",MONTH(Tb_Data[[#This Row],[Start Date]]),"/",YEAR(Tb_Data[[#This Row],[Start Date]]))) -> 45383 | Q41: =IF(Tb_Data[[#This Row],[Auto Renewal]]="yes","Auto","Manual") -> Auto
A42: 3271 | B42: Fábio Martins | C42: Standard | D42: 45388 | E42: No | F42: 10 | G42: Monthly | H42: No | I42: - | J42: Yes | K42: 20 | L42: 5 | M42: 25 | N42: {=DATEVALUE(_xlfn.CONCAT("01/", MONTH(EDATE(Tb_Data[[#This Row],[Start Date]],_xlfn.IFS(Tb_Data[[#This Row],[Subscription Type]]="Monthly",1,Tb_Data[[#This Row],[Subscription Type]]="Annual",12,Tb_Data[[#This Row],[Subscription Type]]="Quarterly",3))),"/", YEAR(EDATE(Tb_Data[[#This Row],[Start Date]],_xlfn.IFS(Tb_Data[[#This Row],[Subscription Type]]="Monthly",1,Tb_Data[[#This Row],[Subscription Type]]="Annual",12,Tb_Data[[#This Row],[Subscription Type]]="Quarterly",3)))))} -> 45413 | O42: =IF(Tb_Data[[#This Row],[Expiration_date]]<C̳álculos!$I$6,"",Tb_Data[[#This Row],[Expiration_date]]) | P42: =DATEVALUE(_xlfn.CONCAT("01/",MONTH(Tb_Data[[#This Row],[Start Date]]),"/",YEAR(Tb_Data[[#This Row],[Start Date]]))) -> 45383 | Q42: =IF(Tb_Data[[#This Row],[Auto Renewal]]="yes","Auto","Manual") -> Manual
A43: 3272 | B43: Gisele Araújo | C43: Core | D43: 45389 | E43: Yes | F43: 5 | G43: Annual | H43: No | I43: - | J43: No | K43: 0 | L43: 0 | M43: 5 | N43: {=DATEVALUE(_xlfn.CONCAT("01/", MONTH(EDATE(Tb_Data[[#This Row],[Start Date]],_xlfn.IFS(Tb_Data[[#This Row],[Subscription Type]]="Monthly",1,Tb_Data[[#This Row],[Subscription Type]]="Annual",12,Tb_Data[[#This Row],[Subscription Type]]="Quarterly",3))),"/", YEAR(EDATE(Tb_Data[[#This Row],[Start Date]],_xlfn.IFS(Tb_Data[[#This Row],[Subscription Type]]="Monthly",1,Tb_Data[[#This Row],[Subscription Type]]="Annual",12,Tb_Data[[#This Row],[Subscription Type]]="Quarterly",3)))))} -> 45748 | O43: =IF(Tb_Data[[#This Row],[Expiration_date]]<C̳álculos!$I$6,"",Tb_Data[[#This Row],[Expiration_date]]) -> 45748 | P43: =DATEVALUE(_xlfn.CONCAT("01/",MONTH(Tb_Data[[#This Row],[Start Date]]),"/",YEAR(Tb_Data[[#This Row],[Start Date]]))) -> 45383 | Q43: =IF(Tb_Data[[#This Row],[Auto Renewal]]="yes","Auto","Manual") -> Auto
A44: 3273 | B44: Hélio Castro | C44: Ultimate | D44: 45390 | E44: No | F44: 15 | G44: Quarterly | H44: Yes | I44: 30 | J44: Yes | K44: 20 | L44: 20 | M44: 45 | N44: {=DATEVALUE(_xlfn.CONCAT("01/", MONTH(EDATE(Tb_Data[[#This Row],[Start Date]],_xlfn.IFS(Tb_Data[[#This Row],[Subscription Type]]="Monthly",1,Tb_Data[[#This Row],[Subscription Type]]="Annual",12,Tb_Data[[#This Row],[Subscription Type]]="Quarterly",3))),"/", YEAR(EDATE(Tb_Data[[#This Row],[Start Date]],_xlfn.IFS(Tb_Data[[#This Row],[Subscription Type]]="Monthly",1,Tb_Data[[#This Row],[Subscription Type]]="Annual",12,Tb_Data[[#This Row],[Subscription Type]]="Quarterly",3)))))} -> 45474 | O44: =IF(Tb_Data[[#This Row],[Expiration_date]]<C̳álculos!$I$6,"",Tb_Data[[#This Row],[Expiration_date]]) | P44: =DATEVALUE(_xlfn.CONCAT("01/",MONTH(Tb_Data[[#This Row],[Start Date]]),"/",YEAR(Tb_Data[[#This Row],[Start Date]]))) -> 45383 | Q44: =IF(Tb_Data[[#This Row],[Auto Renewal]]="yes","Auto","Manual") -> Manual
A45: 3274 | B45: Ingrid Menezes | C45: Standard | D45: 45391 | E45: Yes | F45: 10 | G45: Quarterly | H45: No | I45: - | J45: Yes | K45: 20 | L45: 12 | M45: 18 | N45: {=DATEVALUE(_xlfn.CONCAT("01/", MONTH(EDATE(Tb_Data[[#This Row],[Start Date]],_xlfn.IFS(Tb_Data[[#This Row],[Subscription Type]]="Monthly",1,Tb_Data[[#This Row],[Subscription Type]]="Annual",12,Tb_Data[[#This Row],[Subscription Type]]="Quarterly",3))),"/", YEAR(EDATE(Tb_Data[[#This Row],[Start Date]],_xlfn.IFS(Tb_Data[[#This Row],[Subscription Type]]="Monthly",1,Tb_Data[[#This Row],[Subscription Type]]="Annual",12,Tb_Data[[#This Row],[Subscription Type]]="Quarterly",3)))))} -> 45474 | O45: =IF(Tb_Data[[#This Row],[Expiration_date]]<C̳álculos!$I$6,"",Tb_Data[[#This Row],[Expiration_date]]) | P45: =DATEVALUE(_xlfn.CONCAT("01/",MONTH(Tb_Data[[#This Row],[Start Date]]),"/",YEAR(Tb_Data[[#This Row],[Start Date]]))) -> 45383 | Q45: =IF(Tb_Data[[#This Row],[Auto Renewal]]="yes","Auto","Manual") -> Auto
A46: 3275 | B46: Jorge Baptista | C46: Core | D46: 45392 | E46: No | F46: 5 | G46: Monthly | H46: No | I46: - | J46: No | K46: 0 | L46: 2 | M46: 3 | N46: {=DATEVALUE(_xlfn.CONCAT("01/", MONTH(EDATE(Tb_Data[[#This Row],[Start Date]],_xlfn.IFS(Tb_Data[[#This Row],[Subscription Type]]="Monthly",1,Tb_Data[[#This Row],[Subscription Type]]="Annual",12,Tb_Data[[#This Row],[Subscription Type]]="Quarterly",3))),"/", YEAR(EDATE(Tb_Data[[#This Row],[Start Date]],_xlfn.IFS(Tb_Data[[#This Row],[Subscription Type]]="Monthly",1,Tb_Data[[#This Row],[Subscription Type]]="Annual",12,Tb_Data[[#This Row],[Subscription Type]]="Quarterly",3)))))} -> 45413 | O46: =IF(Tb_Data[[#This Row],[Expiration_date]]<C̳álculos!$I$6,"",Tb_Data[[#This Row],[Expiration_date]]) | P46: =DATEVALUE(_xlfn.CONCAT("01/",MONTH(Tb_Data[[#This Row],[Start Date]]),"/",YEAR(Tb_Data[[#This Row],[Start Date]]))) -> 45383 | Q46: =IF(Tb_Data[[#This Row],[Auto Renewal]]="yes","Auto","Manual") -> Manual
A47: 3276 | B47: Kléber Oliveira | C47: Ultimate | D47: 45393 | E47: Yes | F47: 15 | G47: Annual | H47: Yes | I47: 30 | J47: Yes | K47: 20 | L47: 5 | M47: 60 | N47: {=DATEVALUE(_xlfn.CONCAT("01/", MONTH(EDATE(Tb_Data[[#This Row],[Start Date]],_xlfn.IFS(Tb_Data[[#This Row],[Subscription Type]]="Monthly",1,Tb_Data[[#This Row],[Subscription Type]]="Annual",12,Tb_Data[[#This Row],[Subscription Type]]="Quarterly",3))),"/", YEAR(EDATE(Tb_Data[[#This Row],[Start Date]],_xlfn.IFS(Tb_Data[[#This Row],[Subscription Type]]="Monthly",1,Tb_Data[[#This Row],[Subscription Type]]="Annual",12,Tb_Data[[#This Row],[Subscription Type]]="Quarterly",3)))))} -> 45748 | O47: =IF(Tb_Data[[#This Row],[Expiration_date]]<C̳álculos!$I$6,"",Tb_Data[[#This Row],[Expiration_date]]) -> 45748 | P47: =DATEVALUE(_xlfn.CONCAT("01/",MONTH(Tb_Data[[#This Row],[Start Date]]),"/",YEAR(Tb_Data[[#This Row],[Start Date]]))) -> 45383 | Q47: =IF(Tb_Data[[#This Row],[Auto Renewal]]="yes","Auto","Manual") -> Auto
A48: 3277 | B48: Luciana Freitas | C48: Standard | D48: 45394 | E48: No | F48: 10 | G48: Monthly | H48: No | I48: - | J48: Yes | K48: 20 | L48: 10 | M48: 20 | N48: {=DATEVALUE(_xlfn.CONCAT("01/", MONTH(EDATE(Tb_Data[[#This Row],[Start Date]],_xlfn.IFS(Tb_Data[[#This Row],[Subscription Type]]="Monthly",1,Tb_Data[[#This Row],[Subscription Type]]="Annual",12,Tb_Data[[#This Row],[Subscription Type]]="Quarterly",3))),"/", YEAR(EDATE(Tb_Data[[#This Row],[Start Date]],_xlfn.IFS(Tb_Data[[#This Row],[Subscription Type]]="Monthly",1,Tb_Data[[#This Row],[Subscription Type]]="Annual",12,Tb_Data[[#This Row],[Subscription Type]]="Quarterly",3)))))} -> 45413 | O48: =IF(Tb_Data[[#This Row],[Expiration_date]]<C̳álculos!$I$6,"",Tb_Data[[#This Row],[Expiration_date]]) | P48: =DATEVALUE(_xlfn.CONCAT("01/",MONTH(Tb_Data[[#This Row],[Start Date]]),"/",YEAR(Tb_Data[[#This Row],[Start Date]]))) -> 45383 | Q48: =IF(Tb_Data[[#This Row],[Auto Renewal]]="yes","Auto","Manual") -> Manual
A49: 3278 | B49: Márcia Eller | C49: Core | D49: 45395 | E49: Yes | F49: 5 | G49: Quarterly | H49: No | I49: - | J49: No | K49: 0 | L49: 0 | M49: 5 | N49: {=DATEVALUE(_xlfn.CONCAT("01/", MONTH(EDATE(Tb_Data[[#This Row],[Start Date]],_xlfn.IFS(Tb_Data[[#This Row],[Subscription Type]]="Monthly",1,Tb_Data[[#This Row],[Subscription Type]]="Annual",12,Tb_Data[[#This Row],[Subscription Type]]="Quarterly",3))),"/", YEAR(EDATE(Tb_Data[[#This Row],[Start Date]],_xlfn.IFS(Tb_Data[[#This Row],[Subscription Type]]="Monthly",1,Tb_Data[[#This Row],[Subscription Type]]="Annual",12,Tb_Data[[#This Row],[Subscription Type]]="Quarterly",3)))))} -> 45474 | O49: =IF(Tb_Data[[#This Row],[Expiration_date]]<C̳álculos!$I$6,"",Tb_Data[[#This Row],[Expiration_date]]) | P49: =DATEVALUE(_xlfn.CONCAT("01/",MONTH(Tb_Data[[#This Row],[Start Date]]),"/",YEAR(Tb_Data[[#This Row],[Start Date]]))) -> 45383 | Q49: =IF(Tb_Data[[#This Row],[Auto Renewal]]="yes","Auto","Manual") -> Auto
A50: 3279 | B50: Nilo Peçanha | C50: Ultimate | D50: 45396 | E50: No | F50: 15 | G50: Monthly | H50: Yes | I50: 30 | J50: Yes | K50: 20 | L50: 3 | M50: 62 | N50: {=DATEVALUE(_xlfn.CONCAT("01/", MONTH(EDATE(Tb_Data[[#This Row],[Start Date]],_xlfn.IFS(Tb_Data[[#This Row],[Subscription Type]]="Monthly",1,Tb_Data[[#This Row],[Subscription Type]]="Annual",12,Tb_Data[[#This Row],[Subscription Type]]="Quarterly",3))),"/", YEAR(EDATE(Tb_Data[[#This Row],[Start Date]],_xlfn.IFS(Tb_Data[[#This Row],[Subscription Type]]="Monthly",1,Tb_Data[[#This Row],[Subscription Type]]="Annual",12,Tb_Data[[#This Row],[Subscription Type]]="Quarterly",3)))))} -> 45413 | O50: =IF(Tb_Data[[#This Row],[Expiration_date]]<C̳álculos!$I$6,"",Tb_Data[[#This Row],[Expiration_date]]) | P50: =DATEVALUE(_xlfn.CONCAT("01/",MONTH(Tb_Data[[#This Row],[Start Date]]),"/",YEAR(Tb_Data[[#This Row],[Start Date]]))) -> 45383 | Q50: =IF(Tb_Data[[#This Row],[Auto Renewal]]="yes","Auto","Manual") -> Manual
A51: 3280 | B51: Oscar Neves | C51: Standard | D51: 45397 | E51: Yes | F51: 10 | G51: Annual | H51: No | I51: - | J51: Yes | K51: 20 | L51: 15 | M51: 15 | N51: {=DATEVALUE(_xlfn.CONCAT("01/", MONTH(EDATE(Tb_Data[[#This Row],[Start Date]],_xlfn.IFS(Tb_Data[[#This Row],[Subscription Type]]="Monthly",1,Tb_Data[[#This Row],[Subscription Type]]="Annual",12,Tb_Data[[#This Row],[Subscription Type]]="Quarterly",3))),"/", YEAR(EDATE(Tb_Data[[#This Row],[Start Date]],_xlfn.IFS(Tb_Data[[#This Row],[Subscription Type]]="Monthly",1,Tb_Data[[#This Row],[Subscription Type]]="Annual",12,Tb_Data[[#This Row],[Subscription Type]]="Quarterly",3)))))} -> 45748 | O51: =IF(Tb_Data[[#This Row],[Expiration_date]]<C̳álculos!$I$6,"",Tb_Data[[#This Row],[Expiration_date]]) -> 45748 | P51: =DATEVALUE(_xlfn.CONCAT("01/",MONTH(Tb_Data[[#This Row],[Start Date]]),"/",YEAR(Tb_Data[[#This Row],[Start Date]]))) -> 45383 | Q51: =IF(Tb_Data[[#This Row],[Auto Renewal]]="yes","Auto","Manual") -> Auto
A52: 3281 | B52: Patrícia Soares | C52: Core | D52: 45398 | E52: No | F52: 5 | G52: Monthly | H52: No | I52: - | J52: No | K52: 0 | L52: 1 | M52: 4 | N52: {=DATEVALUE(_xlfn.CONCAT("01/", MONTH(EDATE(Tb_Data[[#This Row],[Start Date]],_xlfn.IFS(Tb_Data[[#This Row],[Subscription Type]]="Monthly",1,Tb_Data[[#This Row],[Subscription Type]]="Annual",12,Tb_Data[[#This Row],[Subscription Type]]="Quarterly",3))),"/", YEAR(EDATE(Tb_Data[[#This Row],[Start Date]],_xlfn.IFS(Tb_Data[[#This Row],[Subscription Type]]="Monthly",1,Tb_Data[[#This Row],[Subscription Type]]="Annual",12,Tb_Data[[#This Row],[Subscription Type]]="Quarterly",3)))))} -> 45413 | O52: =IF(Tb_Data[[#This Row],[Expiration_date]]<C̳álculos!$I$6,"",Tb_Data[[#This Row],[Expiration_date]]) | P52: =DATEVALUE(_xlfn.CONCAT("01/",MONTH(Tb_Data[[#This Row],[Start Date]]),"/",YEAR(Tb_Data[[#This Row],[Start Date]]))) -> 45383 | Q52: =IF(Tb_Data[[#This Row],[Auto Renewal]]="yes","Auto","Manual") -> Manual
A53: 3282 | B53: Quirino Gonçalves | C53: Ultimate | D53: 45399 | E53: Yes | F53: 15 | G53: Quarterly | H53: Yes | I53: 30 | J53: Yes | K53: 20 | L53: 7 | M53: 58 | N53: {=DATEVALUE(_xlfn.CONCAT("01/", MONTH(EDATE(Tb_Data[[#This Row],[Start Date]],_xlfn.IFS(Tb_Data[[#This Row],[Subscription Type]]="Monthly",1,Tb_Data[[#This Row],[Subscription Type]]="Annual",12,Tb_Data[[#This Row],[Subscription Type]]="Quarterly",3))),"/", YEAR(EDATE(Tb_Data[[#This Row],[Start Date]],_xlfn.IFS(Tb_Data[[#This Row],[Subscription Type]]="Monthly",1,Tb_Data[[#This Row],[Subscription Type]]="Annual",12,Tb_Data[[#This Row],[Subscription Type]]="Quarterly",3)))))} -> 45474 | O53: =IF(Tb_Data[[#This Row],[Expiration_date]]<C̳álculos!$I$6,"",Tb_Data[[#This Row],[Expiration_date]]) | P53: =DATEVALUE(_xlfn.CONCAT("01/",MONTH(Tb_Data[[#This Row],[Start Date]]),"/",YEAR(Tb_Data[[#This Row],[Start Date]]))) -> 45383 | Q53: =IF(Tb_Data[[#This Row],[Auto Renewal]]="yes","Auto","Manual") -> Auto
A54: 3283 | B54: Raul Machado | C54: Standard | D54: 45400 | E54: No | F54: 10 | G54: Monthly | H54: No | I54: - | J54: Yes | K54: 20 | L54: 10 | M54: 20 | N54: {=DATEVALUE(_xlfn.CONCAT("01/", MONTH(EDATE(Tb_Data[[#This Row],[Start Date]],_xlfn.IFS(Tb_Data[[#This Row],[Subscription Type]]="Monthly",1,Tb_Data[[#This Row],[Subscription Type]]="Annual",12,Tb_Data[[#This Row],[Subscription Type]]="Quarterly",3))),"/", YEAR(EDATE(Tb_Data[[#This Row],[Start Date]],_xlfn.IFS(Tb_Data[[#This Row],[Subscription Type]]="Monthly",1,Tb_Data[[#This Row],[Subscription Type]]="Annual",12,Tb_Data[[#This Row],[Subscription Type]]="Quarterly",3)))))} -> 45413 | O54: =IF(Tb_Data[[#This Row],[Expiration_date]]<C̳álculos!$I$6,"",Tb_Data[[#This Row],[Expiration_date]]) | P54: =DATEVALUE(_xlfn.CONCAT("01/",MONTH(Tb_Data[[#This Row],[Start Date]]),"/",YEAR(Tb_Data[[#This Row],[Start Date]]))) -> 45383 | Q54: =IF(Tb_Data[[#This Row],[Auto Renewal]]="yes","Auto","Manual") -> Manual
A55: 3284 | B55: Sônia Lobo | C55: Core | D55: 45401 | E55: Yes | F55: 5 | G55: Annual | H55: No | I55: - | J55: No | K55: 0 | L55: 0 | M55: 5 | N55: {=DATEVALUE(_xlfn.CONCAT("01/", MONTH(EDATE(Tb_Data[[#This Row],[Start Date]],_xlfn.IFS(Tb_Data[[#This Row],[Subscription Type]]="Monthly",1,Tb_Data[[#This Row],[Subscription Type]]="Annual",12,Tb_Data[[#This Row],[Subscription Type]]="Quarterly",3))),"/", YEAR(EDATE(Tb_Data[[#This Row],[Start Date]],_xlfn.IFS(Tb_Data[[#This Row],[Subscription Type]]="Monthly",1,Tb_Data[[#This Row],[Subscription Type]]="Annual",12,Tb_Data[[#This Row],[Subscription Type]]="Quarterly",3)))))} -> 45748 | O55: =IF(Tb_Data[[#This Row],[Expiration_date]]<C̳álculos!$I$6,"",Tb_Data[[#This Row],[Expiration_date]]) -> 45748 | P55: =DATEVALUE(_xlfn.CONCAT("01/",MONTH(Tb_Data[[#This Row],[Start Date]]),"/",YEAR(Tb_Data[[#This Row],[Start Date]]))) -> 45383 | Q55: =IF(Tb_Data[[#This Row],[Auto Renewal]]="yes","Auto","Manual") -> Auto
A56: 3285 | B56: Tiago Ramos | C56: Ultimate | D56: 45402 | E56: No | F56: 15 | G56: Monthly | H56: Yes | I56: 30 | J56: Yes | K56: 20 | L56: 20 | M56: 45 | N56: {=DATEVALUE(_xlfn.CONCAT("01/", MONTH(EDATE(Tb_Data[[#This Row],[Start Date]],_xlfn.IFS(Tb_Data[[#This Row],[Subscription Type]]="Monthly",1,Tb_Data[[#This Row],[Subscription Type]]="Annual",12,Tb_Data[[#This Row],[Subscription Type]]="Quarterly",3))),"/", YEAR(EDATE(Tb_Data[[#This Row],[Start Date]],_xlfn.IFS(Tb_Data[[#This Row],[Subscription Type]]="Monthly",1,Tb_Data[[#This Row],[Subscription Type]]="Annual",12,Tb_Data[[#This Row],[Subscription Type]]="Quarterly",3)))))} -> 45413 | O56: =IF(Tb_Data[[#This Row],[Expiration_date]]<C̳álculos!$I$6,"",Tb_Data[[#This Row],[Expiration_date]]) | P56: =DATEVALUE(_xlfn.CONCAT("01/",MONTH(Tb_Data[[#This Row],[Start Date]]),"/",YEAR(Tb_Data[[#This Row],[Start Date]]))) -> 45383 | Q56: =IF(Tb_Data[[#This Row],[Auto Renewal]]="yes","Auto","Manual") -> Manual
A57: 3286 | B57: Ugo Pires | C57: Standard | D57: 45403 | E57: Yes | F57: 10 | G57: Quarterly | H57: No | I57: - | J57: Yes | K57: 20 | L57: 15 | M57: 15 | N57: {=DATEVALUE(_xlfn.CONCAT("01/", MONTH(EDATE(Tb_Data[[#This Row],[Start Date]],_xlfn.IFS(Tb_Data[[#This Row],[Subscription Type]]="Monthly",1,Tb_Data[[#This Row],[Subscription Type]]="Annual",12,Tb_Data[[#This Row],[Subscription Type]]="Quarterly",3))),"/", YEAR(EDATE(Tb_Data[[#This Row],[Start Date]],_xlfn.IFS(Tb_Data[[#This Row],[Subscription Type]]="Monthly",1,Tb_Data[[#This Row],[Subscription Type]]="Annual",12,Tb_Data[[#This Row],[Subscription Type]]="Quarterly",3)))))} -> 45474 | O57: =IF(Tb_Data[[#This Row],[Expiration_date]]<C̳álculos!$I$6,"",Tb_Data[[#This Row],[Expiration_date]]) | P57: =DATEVALUE(_xlfn.CONCAT("01/",MONTH(Tb_Data[[#This Row],[Start Date]]),"/",YEAR(Tb_Data[[#This Row],[Start Date]]))) -> 45383 | Q57: =IF(Tb_Data[[#This Row],[Auto Renewal]]="yes","Auto","Manual") -> Auto
A58: 3287 | B58: Valéria Nobre | C58: Core | D58: 45404 | E58: No | F58: 5 | G58: Monthly | H58: No | I58: - | J58: No | K58: 0 | L58: 1 | M58: 4 | N58: {=DATEVALUE(_xlfn.CONCAT("01/", MONTH(EDATE(Tb_Data[[#This Row],[Start Date]],_xlfn.IFS(Tb_Data[[#This Row],[Subscription Type]]="Monthly",1,Tb_Data[[#This Row],[Subscription Type]]="Annual",12,Tb_Data[[#This Row],[Subscription Type]]="Quarterly",3))),"/", YEAR(EDATE(Tb_Data[[#This Row],[Start Date]],_xlfn.IFS(Tb_Data[[#This Row],[Subscription Type]]="Monthly",1,Tb_Data[[#This Row],[Subscription Type]]="Annual",12,Tb_Data[[#This Row],[Subscription Type]]="Quarterly",3)))))} -> 45413 | O58: =IF(Tb_Data[[#This Row],[Expiration_date]]<C̳álculos!$I$6,"",Tb_Data[[#This Row],[Expiration_date]]) | P58: =DATEVALUE(_xlfn.CONCAT("01/",MONTH(Tb_Data[[#This Row],[Start Date]]),"/",YEAR(Tb_Data[[#This Row],[Start Date]]))) -> 45383 | Q58: =IF(Tb_Data[[#This Row],[Auto Renewal]]="yes","Auto","Manual") -> Manual
A59: 3288 | B59: William Siqueira | C59: Ultimate | D59: 45405 | E59: Yes | F59: 15 | G59: Annual | H59: Yes | I59: 30 | J59: Yes | K59: 20 | L59: 3 | M59: 62 | N59: {=DATEVALUE(_xlfn.CONCAT("01/", MONTH(EDATE(Tb_Data[[#This Row],[Start Date]],_xlfn.IFS(Tb_Data[[#This Row],[Subscription Type]]="Monthly",1,Tb_Data[[#This Row],[Subscription Type]]="Annual",12,Tb_Data[[#This Row],[Subscription Type]]="Quarterly",3))),"/", YEAR(EDATE(Tb_Data[[#This Row],[Start Date]],_xlfn.IFS(Tb_Data[[#This Row],[Subscription Type]]="Monthly",1,Tb_Data[[#This Row],[Subscription Type]]="Annual",12,Tb_Data[[#This Row],[Subscription Type]]="Quarterly",3)))))} -> 45748 | O59: =IF(Tb_Data[[#This Row],[Expiration_date]]<C̳álculos!$I$6,"",Tb_Data[[#This Row],[Expiration_date]]) -> 45748 | P59: =DATEVALUE(_xlfn.CONCAT("01/",MONTH(Tb_Data[[#This Row],[Start Date]]),"/",YEAR(Tb_Data[[#This Row],[Start Date]]))) -> 45383 | Q59: =IF(Tb_Data[[#This Row],[Auto Renewal]]="yes","Auto","Manual") -> Auto
A60: 3289 | B60: Xuxa Meneghel | C60: Standard | D60: 45406 | E60: No | F60: 10 | G60: Monthly | H60: No | I60: - | J60: Yes | K60: 20 | L60: 10 | M60: 20 | N60: {=DATEVALUE(_xlfn.CONCAT("01/", MONTH(EDATE(Tb_Data[[#This Row],[Start Date]],_xlfn.IFS(Tb_Data[[#This Row],[Subscription Type]]="Monthly",1,Tb_Data[[#This Row],[Subscription Type]]="Annual",12,Tb_Data[[#This Row],[Subscription Type]]="Quarterly",3))),"/", YEAR(EDATE(Tb_Data[[#This Row],[Start Date]],_xlfn.IFS(Tb_Data[[#This Row],[Subscription Type]]="Monthly",1,Tb_Data[[#This Row],[Subscription Type]]="Annual",12,Tb_Data[[#This Row],[Subscription Type]]="Quarterly",3)))))} -> 45413 | O60: =IF(Tb_Data[[#This Row],[Expiration_date]]<C̳álculos!$I$6,"",Tb_Data[[#This Row],[Expiration_date]]) | P60: =DATEVALUE(_xlfn.CONCAT("01/",MONTH(Tb_Data[[#This Row],[Start Date]]),"/",YEAR(Tb_Data[[#This Row],[Start Date]]))) -> 45383 | Q60: =IF(Tb_Data[[#This Row],[Auto Renewal]]="yes","Auto","Manual") -> Manual
A61: 3290 | B61: Yara Figueiredo | C61: Core | D61: 45407 | E61: Yes | F61: 5 | G61: Quarterly | H61: No | I61: - | J61: No | K61: 0 | L61: 0 | M61: 5 | N61: {=DATEVALUE(_xlfn.CONCAT("01/", MONTH(EDATE(Tb_Data[[#This Row],[Start Date]],_xlfn.IFS(Tb_Data[[#This Row],[Subscription Type]]="Monthly",1,Tb_Data[[#This Row],[Subscription Type]]="Annual",12,Tb_Data[[#This Row],[Subscription Type]]="Quarterly",3))),"/", YEAR(EDATE(Tb_Data[[#This Row],[Start Date]],_xlfn.IFS(Tb_Data[[#This Row],[Subscription Type]]="Monthly",1,Tb_Data[[#This Row],[Subscription Type]]="Annual",12,Tb_Data[[#This Row],[Subscription Type]]="Quarterly",3)))))} -> 45474 | O61: =IF(Tb_Data[[#This Row],[Expiration_date]]<C̳álculos!$I$6,"",Tb_Data[[#This Row],[Expiration_date]]) | P61: =DATEVALUE(_xlfn.CONCAT("01/",MONTH(Tb_Data[[#This Row],[Start Date]]),"/",YEAR(Tb_Data[[#This Row],[Start Date]]))) -> 45383 | Q61: =IF(Tb_Data[[#This Row],[Auto Renewal]]="yes","Auto","Manual") -> Auto
A62: 3291 | B62: Zacarias Alves | C62: Ultimate | D62: 45408 | E62: No | F62: 15 | G62: Monthly | H62: Yes | I62: 30 | J62: Yes | K62: 20 | L62: 5 | M62: 60 | N62: {=DATEVALUE(_xlfn.CONCAT("01/", MONTH(EDATE(Tb_Data[[#This Row],[Start Date]],_xlfn.IFS(Tb_Data[[#This Row],[Subscription Type]]="Monthly",1,Tb_Data[[#This Row],[Subscription Type]]="Annual",12,Tb_Data[[#This Row],[Subscription Type]]="Quarterly",3))),"/", YEAR(EDATE(Tb_Data[[#This Row],[Start Date]],_xlfn.IFS(Tb_Data[[#This Row],[Subscription Type]]="Monthly",1,Tb_Data[[#This Row],[Subscription Type]]="Annual",12,Tb_Data[[#This Row],[Subscription Type]]="Quarterly",3)))))} -> 45413 | O62: =IF(Tb_Data[[#This Row],[Expiration_date]]<C̳álculos!$I$6,"",Tb_Data[[#This Row],[Expiration_date]]) | P62: =DATEVALUE(_xlfn.CONCAT("01/",MONTH(Tb_Data[[#This Row],[Start Date]]),"/",YEAR(Tb_Data[[#This Row],[Start Date]]))) -> 45383 | Q62: =IF(Tb_Data[[#This Row],[Auto Renewal]]="yes","Auto","Manual") -> Manual
A63: 3292 | B63: Amanda Bynes | C63: Standard | D63: 45409 | E63: Yes | F63: 10 | G63: Annual | H63: No | I63: - | J63: Yes | K63: 20 | L63: 15 | M63: 15 | N63: {=DATEVALUE(_xlfn.CONCAT("01/", MONTH(EDATE(Tb_Data[[#This Row],[Start Date]],_xlfn.IFS(Tb_Data[[#This Row],[Subscription Type]]="Monthly",1,Tb_Data[[#This Row],[Subscription Type]]="Annual",12,Tb_Data[[#This Row],[Subscription Type]]="Quarterly",3))),"/", YEAR(EDATE(Tb_Data[[#This Row],[Start Date]],_xlfn.IFS(Tb_Data[[#This Row],[Subscription Type]]="Monthly",1,Tb_Data[[#This Row],[Subscription Type]]="Annual",12,Tb_Data[[#This Row],[Subscription Type]]="Quarterly",3)))))} -> 45748 | O63: =IF(Tb_Data[[#This Row],[Expiration_date]]<C̳álculos!$I$6,"",Tb_Data[[#This Row],[Expiration_date]]) -> 45748 | P63: =DATEVALUE(_xlfn.CONCAT("01/",MONTH(Tb_Data[[#This Row],[Start Date]]),"/",YEAR(Tb_Data[[#This Row],[Start Date]]))) -> 45383 | Q63: =IF(Tb_Data[[#This Row],[Auto Renewal]]="yes","Auto","Manual") -> Auto
A64: 3293 | B64: Bruno Mars | C64: Core | D64: 45410 | E64: No | F64: 5 | G64: Monthly | H64: No | I64: - | J64: No | K64: 0 | L64: 1 | M64: 4 | N64: {=DATEVALUE(_xlfn.CONCAT("01/", MONTH(EDATE(Tb_Data[[#This Row],[Start Date]],_xlfn.IFS(Tb_Data[[#This Row],[Subscription Type]]="Monthly",1,Tb_Data[[#This Row],[Subscription Type]]="Annual",12,Tb_Data[[#This Row],[Subscription Type]]="Quarterly",3))),"/", YEAR(EDATE(Tb_Data[[#This Row],[Start Date]],_xlfn.IFS(Tb_Data[[#This Row],[Subscription Type]]="Monthly",1,Tb_Data[[#This Row],[Subscription Type]]="Annual",12,Tb_Data[[#This Row],[Subscription Type]]="Quarterly",3)))))} -> 45413 | O64: =IF(Tb_Data[[#This Row],[Expiration_date]]<C̳álculos!$I$6,"",Tb_Data[[#This Row],[Expiration_date]]) | P64: =DATEVALUE(_xlfn.CONCAT("01/",MONTH(Tb_Data[[#This Row],[Start Date]]),"/",YEAR(Tb_Data[[#This Row],[Start Date]]))) -> 45383 | Q64: =IF(Tb_Data[[#This Row],[Auto Renewal]]="yes","Auto","Manual") -> Manual
A65: 3294 | B65: Carla Bruni | C65: Ultimate | D65: 45411 | E65: Yes | F65: 15 | G65: Quarterly | H65: Yes | I65: 30 | J65: Yes | K65: 20 | L65: 20 | M65: 45 | N65: {=DATEVALUE(_xlfn.CONCAT("01/", MONTH(EDATE(Tb_Data[[#This Row],[Start Date]],_xlfn.IFS(Tb_Data[[#This Row],[Subscription Type]]="Monthly",1,Tb_Data[[#This Row],[Subscription Type]]="Annual",12,Tb_Data[[#This Row],[Subscription Type]]="Quarterly",3))),"/", YEAR(EDATE(Tb_Data[[#This Row],[Start Date]],_xlfn.IFS(Tb_Data[[#This Row],[Subscription Type]]="Monthly",1,Tb_Data[[#This Row],[Subscription Type]]="Annual",12,Tb_Data[[#This Row],[Subscription Type]]="Quarterly",3)))))} -> 45474 | O65: =IF(Tb_Data[[#This Row],[Expiration_date]]<C̳álculos!$I$6,"",Tb_Data[[#This Row],[Expiration_date]]) | P65: =DATEVALUE(_xlfn.CONCAT("01/",MONTH(Tb_Data[[#This Row],[Start Date]]),"/",YEAR(Tb_Data[[#This Row],[Start Date]]))) -> 45383 | Q65: =IF(Tb_Data[[#This Row],[Auto Renewal]]="yes","Auto","Manual") -> Auto
A66: 3295 | B66: Diego Maradona | C66: Standard | D66: 45412 | E66: No | F66: 10 | G66: Monthly | H66: No | I66: - | J66: Yes | K66: 20 | L66: 5 | M66: 25 | N66: {=DATEVALUE(_xlfn.CONCAT("01/", MONTH(EDATE(Tb_Data[[#This Row],[Start Date]],_xlfn.IFS(Tb_Data[[#This Row],[Subscription Type]]="Monthly",1,Tb_Data[[#This Row],[Subscription Type]]="Annual",12,Tb_Data[[#This Row],[Subscription Type]]="Quarterly",3))),"/", YEAR(EDATE(Tb_Data[[#This Row],[Start Date]],_xlfn.IFS(Tb_Data[[#This Row],[Subscription Type]]="Monthly",1,Tb_Data[[#This Row],[Subscription Type]]="Annual",12,Tb_Data[[#This Row],[Subscription Type]]="Quarterly",3)))))} -> 45413 | O66: =IF(Tb_Data[[#This Row],[Expiration_date]]<C̳álculos!$I$6,"",Tb_Data[[#This Row],[Expiration_date]]) | P66: =DATEVALUE(_xlfn.CONCAT("01/",MONTH(Tb_Data[[#This Row],[Start Date]]),"/",YEAR(Tb_Data[[#This Row],[Start Date]]))) -> 45383 | Q66: =IF(Tb_Data[[#This Row],[Auto Renewal]]="yes","Auto","Manual") -> Manual
A67: 3296 | B67: Estela Marques | C67: Core | D67: 45413 | E67: No | F67: 5 | G67: Monthly | H67: No | I67: - | J67: No | K67: 0 | L67: 0 | M67: 5 | N67: {=DATEVALUE(_xlfn.CONCAT("01/", MONTH(EDATE(Tb_Data[[#This Row],[Start Date]],_xlfn.IFS(Tb_Data[[#This Row],[Subscription Type]]="Monthly",1,Tb_Data[[#This Row],[Subscription Type]]="Annual",12,Tb_Data[[#This Row],[Subscription Type]]="Quarterly",3))),"/", YEAR(EDATE(Tb_Data[[#This Row],[Start Date]],_xlfn.IFS(Tb_Data[[#This Row],[Subscription Type]]="Monthly",1,Tb_Data[[#This Row],[Subscription Type]]="Annual",12,Tb_Data[[#This Row],[Subscription Type]]="Quarterly",3)))))} -> 45444 | O67: =IF(Tb_Data[[#This Row],[Expiration_date]]<C̳álculos!$I$6,"",Tb_Data[[#This Row],[Expiration_date]]) | P67: =DATEVALUE(_xlfn.CONCAT("01/",MONTH(Tb_Data[[#This Row],[Start Date]]),"/",YEAR(Tb_Data[[#This Row],[Start Date]]))) -> 45413 | Q67: =IF(Tb_Data[[#This Row],[Auto Renewal]]="yes","Auto","Manual") -> Manual
A68: 3297 | B68: Fábio Nobre | C68: Ultimate | D68: 45414 | E68: Yes | F68: 15 | G68: Quarterly | H68: Yes | I68: 30 | J68: Yes | K68: 20 | L68: 7 | M68: 58 | N68: {=DATEVALUE(_xlfn.CONCAT("01/", MONTH(EDATE(Tb_Data[[#This Row],[Start Date]],_xlfn.IFS(Tb_Data[[#This Row],[Subscription Type]]="Monthly",1,Tb_Data[[#This Row],[Subscription Type]]="Annual",12,Tb_Data[[#This Row],[Subscription Type]]="Quarterly",3))),"/", YEAR(EDATE(Tb_Data[[#This Row],[Start Date]],_xlfn.IFS(Tb_Data[[#This Row],[Subscription Type]]="Monthly",1,Tb_Data[[#This Row],[Subscription Type]]="Annual",12,Tb_Data[[#This Row],[Subscription Type]]="Quarterly",3)))))} -> 45505 | O68: =IF(Tb_Data[[#This Row],[Expiration_date]]<C̳álculos!$I$6,"",Tb_Data[[#This Row],[Expiration_date]]) | P68: =DATEVALUE(_xlfn.CONCAT("01/",MONTH(Tb_Data[[#This Row],[Start Date]]),"/",YEAR(Tb_Data[[#This Row],[Start Date]]))) -> 45413 | Q68: =IF(Tb_Data[[#This Row],[Auto Renewal]]="yes","Auto","Manual") -> Auto
A69: 3298 | B69: Gabriel Oliveira | C69: Standard | D69: 45415 | E69: No | F69: 10 | G69: Annual | H69: No | I69: - | J69: Yes | K69: 20 | L69: 10 | M69: 20 | N69: {=DATEVALUE(_xlfn.CONCAT("01/", MONTH(EDATE(Tb_Data[[#This Row],[Start Date]],_xlfn.IFS(Tb_Data[[#This Row],[Subscription Type]]="Monthly",1,Tb_Data[[#This Row],[Subscription Type]]="Annual",12,Tb_Data[[#This Row],[Subscription Type]]="Quarterly",3))),"/", YEAR(EDATE(Tb_Data[[#This Row],[Start Date]],_xlfn.IFS(Tb_Data[[#This Row],[Subscription Type]]="Monthly",1,Tb_Data[[#This Row],[Subscription Type]]="Annual",12,Tb_Data[[#This Row],[Subscription Type]]="Quarterly",3)))))} -> 45778 | O69: =IF(Tb_Data[[#This Row],[Expiration_date]]<C̳álculos!$I$6,"",Tb_Data[[#This Row],[Expiration_date]]) -> 45778 | P69: =DATEVALUE(_xlfn.CONCAT("01/",MONTH(Tb_Data[[#This Row],[Start Date]]),"/",YEAR(Tb_Data[[#This Row],[Start Date]]))) -> 45413 | Q69: =IF(Tb_Data[[#This Row],[Auto Renewal]]="yes","Auto","Manual") -> Manual
A70: 3299 | B70: Helena Santos | C70: Core | D70: 45416 | E70: Yes | F70: 5 | G70: Quarterly | H70: No | I70: - | J70: No | K70: 0 | L70: 1 | M70: 4 | N70: {=DATEVALUE(_xlfn.CONCAT("01/", MONTH(EDATE(Tb_Data[[#This Row],[Start Date]],_xlfn.IFS(Tb_Data[[#This Row],[Subscription Type]]="Monthly",1,Tb_Data[[#This Row],[Subscription Type]]="Annual",12,Tb_Data[[#This Row],[Subscription Type]]="Quarterly",3))),"/", YEAR(EDATE(Tb_Data[[#This Row],[Start Date]],_xlfn.IFS(Tb_Data[[#This Row],[Subscription Type]]="Monthly",1,Tb_Data[[#This Row],[Subscription Type]]="Annual",12,Tb_Data[[#This Row],[Subscription Type]]="Quarterly",3)))))} -> 45505 | O70: =IF(Tb_Data[[#This Row],[Expiration_date]]<C̳álculos!$I$6,"",Tb_Data[[#This Row],[Expiration_date]]) | P70: =DATEVALUE(_xlfn.CONCAT("01/",MONTH(Tb_Data[[#This Row],[Start Date]]),"/",YEAR(Tb_Data[[#This Row],[Start Date]]))) -> 45413 | Q70: =IF(Tb_Data[[#This Row],[Auto Renewal]]="yes","Auto","Manual") -> Auto
A71: 3300 | B71: Ivan Carvalho | C71: Ultimate | D71: 45417 | E71: No | F71: 15 | G71: Monthly | H71: Yes | I71: 30 | J71: Yes | K71: 20 | L71: 15 | M71: 50 | N71: {=DATEVALUE(_xlfn.CONCAT("01/", MONTH(EDATE(Tb_Data[[#This Row],[Start Date]],_xlfn.IFS(Tb_Data[[#This Row],[Subscription Type]]="Monthly",1,Tb_Data[[#This Row],[Subscription Type]]="Annual",12,Tb_Data[[#This Row],[Subscription Type]]="Quarterly",3))),"/", YEAR(EDATE(Tb_Data[[#This Row],[Start Date]],_xlfn.IFS(Tb_Data[[#This Row],[Subscription Type]]="Monthly",1,Tb_Data[[#This Row],[Subscription Type]]="Annual",12,Tb_Data[[#This Row],[Subscription Type]]="Quarterly",3)))))} -> 45444 | O71: =IF(Tb_Data[[#This Row],[Expiration_date]]<C̳álculos!$I$6,"",Tb_Data[[#This Row],[Expiration_date]]) | P71: =DATEVALUE(_xlfn.CONCAT("01/",MONTH(Tb_Data[[#This Row],[Start Date]]),"/",YEAR(Tb_Data[[#This Row],[Start Date]]))) -> 45413 | Q71: =IF(Tb_Data[[#This Row],[Auto Renewal]]="yes","Auto","Manual") -> Manual
A72: 3301 | B72: Júlia Ferreira | C72: Standard | D72: 45418 | E72: Yes | F72: 10 | G72: Monthly | H72: No | I72: - | J72: Yes | K72: 20 | L72: 5 | M72: 25 | N72: {=DATEVALUE(_xlfn.CONCAT("01/", MONTH(EDATE(Tb_Data[[#This Row],[Start Date]],_xlfn.IFS(Tb_Data[[#This Row],[Subscription Type]]="Monthly",1,Tb_Data[[#This Row],[Subscription Type]]="Annual",12,Tb_Data[[#This Row],[Subscription Type]]="Quarterly",3))),"/", YEAR(EDATE(Tb_Data[[#This Row],[Start Date]],_xlfn.IFS(Tb_Data[[#This Row],[Subscription Type]]="Monthly",1,Tb_Data[[#This Row],[Subscription Type]]="Annual",12,Tb_Data[[#This Row],[Subscription Type]]="Quarterly",3)))))} -> 45444 | O72: =IF(Tb_Data[[#This Row],[Expiration_date]]<C̳álculos!$I$6,"",Tb_Data[[#This Row],[Expiration_date]]) | P72: =DATEVALUE(_xlfn.CONCAT("01/",MONTH(Tb_Data[[#This Row],[Start Date]]),"/",YEAR(Tb_Data[[#This Row],[Start Date]]))) -> 45413 | Q72: =IF(Tb_Data[[#This Row],[Auto Renewal]]="yes","Auto","Manual") -> Auto
A73: 3302 | B73: Karla Alves | C73: Core | D73: 45419 | E73: No | F73: 5 | G73: Annual | H73: No | I73: - | J73: No | K73: 0 | L73: 0 | M73: 5 | N73: {=DATEVALUE(_xlfn.CONCAT("01/", MONTH(EDATE(Tb_Data[[#This Row],[Start Date]],_xlfn.IFS(Tb_Data[[#This Row],[Subscription Type]]="Monthly",1,Tb_Data[[#This Row],[Subscription Type]]="Annual",12,Tb_Data[[#This Row],[Subscription Type]]="Quarterly",3))),"/", YEAR(EDATE(Tb_Data[[#This Row],[Start Date]],_xlfn.IFS(Tb_Data[[#This Row],[Subscription Type]]="Monthly",1,Tb_Data[[#This Row],[Subscription Type]]="Annual",12,Tb_Data[[#This Row],[Subscription Type]]="Quarterly",3)))))} -> 45778 | O73: =IF(Tb_Data[[#This Row],[Expiration_date]]<C̳álculos!$I$6,"",Tb_Data[[#This Row],[Expiration_date]]) -> 45778 | P73: =DATEVALUE(_xlfn.CONCAT("01/",MONTH(Tb_Data[[#This Row],[Start Date]]),"/",YEAR(Tb_Data[[#This Row],[Start Date]]))) -> 45413 | Q73: =IF(Tb_Data[[#This Row],[Auto Renewal]]="yes","Auto","Manual") -> Manual
A74: 3303 | B74: Lucas Mendes | C74: Ultimate | D74: 45420 | E74: Yes | F74: 15 | G74: Quarterly | H74: Yes | I74: 30 | J74: Yes | K74: 20 | L74: 20 | M74: 45 | N74: {=DATEVALUE(_xlfn.CONCAT("01/", MONTH(EDATE(Tb_Data[[#This Row],[Start Date]],_xlfn.IFS(Tb_Data[[#This Row],[Subscription Type]]="Monthly",1,Tb_Data[[#This Row],[Subscription Type]]="Annual",12,Tb_Data[[#This Row],[Subscription Type]]="Quarterly",3))),"/", YEAR(EDATE(Tb_Data[[#This Row],[Start Date]],_xlfn.IFS(Tb_Data[[#This Row],[Subscription Type]]="Monthly",1,Tb_Data[[#This Row],[Subscription Type]]="Annual",12,Tb_Data[[#This Row],[Subscription Type]]="Quarterly",3)))))} -> 45505 | O74: =IF(Tb_Data[[#This Row],[Expiration_date]]<C̳álculos!$I$6,"",Tb_Data[[#This Row],[Expiration_date]]) | P74: =DATEVALUE(_xlfn.CONCAT("01/",MONTH(Tb_Data[[#This Row],[Start Date]]),"/",YEAR(Tb_Data[[#This Row],[Start Date]]))) -> 45413 | Q74: =IF(Tb_Data[[#This Row],[Auto Renewal]]="yes","Auto","Manual") -> Auto
A75: 3304 | B75: Mônica Gomes | C75: Standard | D75: 45421 | E75: No | F75: 10 | G75: Quarterly | H75: No | I75: - | J75: Yes | K75: 20 | L75: 12 | M75: 18 | N75: {=DATEVALUE(_xlfn.CONCAT("01/", MONTH(EDATE(Tb_Data[[#This Row],[Start Date]],_xlfn.IFS(Tb_Data[[#This Row],[Subscription Type]]="Monthly",1,Tb_Data[[#This Row],[Subscription Type]]="Annual",12,Tb_Data[[#This Row],[Subscription Type]]="Quarterly",3))),"/", YEAR(EDATE(Tb_Data[[#This Row],[Start Date]],_xlfn.IFS(Tb_Data[[#This Row],[Subscription Type]]="Monthly",1,Tb_Data[[#This Row],[Subscription Type]]="Annual",12,Tb_Data[[#This Row],[Subscription Type]]="Quarterly",3)))))} -> 45505 | O75: =IF(Tb_Data[[#This Row],[Expiration_date]]<C̳álculos!$I$6,"",Tb_Data[[#This Row],[Expiration_date]]) | P75: =DATEVALUE(_xlfn.CONCAT("01/",MONTH(Tb_Data[[#This Row],[Start Date]]),"/",YEAR(Tb_Data[[#This Row],[Start Date]]))) -> 45413 | Q75: =IF(Tb_Data[[#This Row],[Auto Renewal]]="yes","Auto","Manual") -> Manual
A76: 3305 | B76: Norberto Queiroz | C76: Core | D76: 45422 | E76: Yes | F76: 5 | G76: Monthly | H76: No | I76: - | J76: No | K76: 0 | L76: 2 | M76: 3 | N76: {=DATEVALUE(_xlfn.CONCAT("01/", MONTH(EDATE(Tb_Data[[#This Row],[Start Date]],_xlfn.IFS(Tb_Data[[#This Row],[Subscription Type]]="Monthly",1,Tb_Data[[#This Row],[Subscription Type]]="Annual",12,Tb_Data[[#This Row],[Subscription Type]]="Quarterly",3))),"/", YEAR(EDATE(Tb_Data[[#This Row],[Start Date]],_xlfn.IFS(Tb_Data[[#This Row],[Subscription Type]]="Monthly",1,Tb_Data[[#This Row],[Subscription Type]]="Annual",12,Tb_Data[[#This Row],[Subscription Type]]="Quarterly",3)))))} -> 45444 | O76: =IF(Tb_Data[[#This Row],[Expiration_date]]<C̳álculos!$I$6,"",Tb_Data[[#This Row],[Expiration_date]]) | P76: =DATEVALUE(_xlfn.CONCAT("01/",MONTH(Tb_Data[[#This Row],[Start Date]]),"/",YEAR(Tb_Data[[#This Row],[Start Date]]))) -> 45413 | Q76: =IF(Tb_Data[[#This Row],[Auto Renewal]]="yes","Auto","Manual") -> Auto
A77: 3306 | B77: Otávio Barros | C77: Ultimate | D77: 45423 | E77: No | F77: 15 | G77: Annual | H77: Yes | I77: 30 | J77: Yes | K77: 20 | L77: 5 | M77: 60 | N77: {=DATEVALUE(_xlfn.CONCAT("01/", MONTH(EDATE(Tb_Data[[#This Row],[Start Date]],_xlfn.IFS(Tb_Data[[#This Row],[Subscription Type]]="Monthly",1,Tb_Data[[#This Row],[Subscription Type]]="Annual",12,Tb_Data[[#This Row],[Subscription Type]]="Quarterly",3))),"/", YEAR(EDATE(Tb_Data[[#This Row],[Start Date]],_xlfn.IFS(Tb_Data[[#This Row],[Subscription Type]]="Monthly",1,Tb_Data[[#This Row],[Subscription Type]]="Annual",12,Tb_Data[[#This Row],[Subscription Type]]="Quarterly",3)))))} -> 45778 | O77: =IF(Tb_Data[[#This Row],[Expiration_date]]<C̳álculos!$I$6,"",Tb_Data[[#This Row],[Expiration_date]]) -> 45778 | P77: =DATEVALUE(_xlfn.CONCAT("01/",MONTH(Tb_Data[[#This Row],[Start Date]]),"/",YEAR(Tb_Data[[#This Row],[Start Date]]))) -> 45413 | Q77: =IF(Tb_Data[[#This Row],[Auto Renewal]]="yes","Auto","Manual") -> Manual
A78: 3307 | B78: Paula Vieira | C78: Standard | D78: 45424 | E78: Yes | F78: 10 | G78: Monthly | H78: No | I78: - | J78: Yes | K78: 20 | L78: 10 | M78: 20 | N78: {=DATEVALUE(_xlfn.CONCAT("01/", MONTH(EDATE(Tb_Data[[#This Row],[Start Date]],_xlfn.IFS(Tb_Data[[#This Row],[Subscription Type]]="Monthly",1,Tb_Data[[#This Row],[Subscription Type]]="Annual",12,Tb_Data[[#This Row],[Subscription Type]]="Quarterly",3))),"/", YEAR(EDATE(Tb_Data[[#This Row],[Start Date]],_xlfn.IFS(Tb_Data[[#This Row],[Subscription Type]]="Monthly",1,Tb_Data[[#This Row],[Subscription Type]]="Annual",12,Tb_Data[[#This Row],[Subscription Type]]="Quarterly",3)))))} -> 45444 | O78: =IF(Tb_Data[[#This Row],[Expiration_date]]<C̳álculos!$I$6,"",Tb_Data[[#This Row],[Expiration_date]]) | P78: =DATEVALUE(_xlfn.CONCAT("01/",MONTH(Tb_Data[[#This Row],[Start Date]]),"/",YEAR(Tb_Data[[#This Row],[Start Date]]))) -> 45413 | Q78: =IF(Tb_Data[[#This Row],[Auto Renewal]]="yes","Auto","Manual") -> Auto
A79: 3308 | B79: Quentin Ramos | C79: Core | D79: 45425 | E79: No | F79: 5 | G79: Quarterly | H79: No | I79: - | J79: No | K79: 0 | L79: 0 | M79: 5 | N79: {=DATEVALUE(_xlfn.CONCAT("01/", MONTH(EDATE(Tb_Data[[#This Row],[Start Date]],_xlfn.IFS(Tb_Data[[#This Row],[Subscription Type]]="Monthly",1,Tb_Data[[#This Row],[Subscription Type]]="Annual",12,Tb_Data[[#This Row],[Subscription Type]]="Quarterly",3))),"/", YEAR(EDATE(Tb_Data[[#This Row],[Start Date]],_xlfn.IFS(Tb_Data[[#This Row],[Subscription Type]]="Monthly",1,Tb_Data[[#This Row],[Subscription Type]]="Annual",12,Tb_Data[[#This Row],[Subscription Type]]="Quarterly",3)))))} -> 45505 | O79: =IF(Tb_Data[[#This Row],[Expiration_date]]<C̳álculos!$I$6,"",Tb_Data[[#This Row],[Expiration_date]]) | P79: =DATEVALUE(_xlfn.CONCAT("01/",MONTH(Tb_Data[[#This Row],[Start Date]]),"/",YEAR(Tb_Data[[#This Row],[Start Date]]))) -> 45413 | Q79: =IF(Tb_Data[[#This Row],[Auto Renewal]]="yes","Auto","Manual") -> Manual
A80: 3309 | B80: Raquel Novaes | C80: Ultimate | D80: 45426 | E80: Yes | F80: 15 | G80: Monthly | H80: Yes | I80: 30 | J80: Yes | K80: 20 | L80: 3 | M80: 62 | N80: {=DATEVALUE(_xlfn.CONCAT("01/", MONTH(EDATE(Tb_Data[[#This Row],[Start Date]],_xlfn.IFS(Tb_Data[[#This Row],[Subscription Type]]="Monthly",1,Tb_Data[[#This Row],[Subscription Type]]="Annual",12,Tb_Data[[#This Row],[Subscription Type]]="Quarterly",3))),"/", YEAR(EDATE(Tb_Data[[#This Row],[Start Date]],_xlfn.IFS(Tb_Data[[#This Row],[Subscription Type]]="Monthly",1,Tb_Data[[#This Row],[Subscription Type]]="Annual",12,Tb_Data[[#This Row],[Subscription Type]]="Quarterly",3)))))} -> 45444 | O80: =IF(Tb_Data[[#This Row],[Expiration_date]]<C̳álculos!$I$6,"",Tb_Data[[#This Row],[Expiration_date]]) | P80: =DATEVALUE(_xlfn.CONCAT("01/",MONTH(Tb_Data[[#This Row],[Start Date]]),"/",YEAR(Tb_Data[[#This Row],[Start Date]]))) -> 45413 | Q80: =IF(Tb_Data[[#This Row],[Auto Renewal]]="yes","Auto","Manual") -> Auto
A81: 3310 | B81: Samantha Lopes | C81: Standard | D81: 45427 | E81: No | F81: 10 | G81: Annual | H81: No | I81: - | J81: Yes | K81: 20 | L81: 15 | M81: 15 | N81: {=DATEVALUE(_xlfn.CONCAT("01/", MONTH(EDATE(Tb_Data[[#This Row],[Start Date]],_xlfn.IFS(Tb_Data[[#This Row],[Subscription Type]]="Monthly",1,Tb_Data[[#This Row],[Subscription Type]]="Annual",12,Tb_Data[[#This Row],[Subscription Type]]="Quarterly",3))),"/", YEAR(EDATE(Tb_Data[[#This Row],[Start Date]],_xlfn.IFS(Tb_Data[[#This Row],[Subscription Type]]="Monthly",1,Tb_Data[[#This Row],[Subscription Type]]="Annual",12,Tb_Data[[#This Row],[Subscription Type]]="Quarterly",3)))))} -> 45778 | O81: =IF(Tb_Data[[#This Row],[Expiration_date]]<C̳álculos!$I$6,"",Tb_Data[[#This Row],[Expiration_date]]) -> 45778 | P81: =DATEVALUE(_xlfn.CONCAT("01/",MONTH(Tb_Data[[#This Row],[Start Date]]),"/",YEAR(Tb_Data[[#This Row],[Start Date]]))) -> 45413 | Q81: =IF(Tb_Data[[#This Row],[Auto Renewal]]="yes","Auto","Manual") -> Manual
A82: 3311 | B82: Tiago Martins | C82: Core | D82: 45428 | E82: Yes | F82: 5 | G82: Monthly | H82: No | I82: - | J82: No | K82: 0 | L82: 1 | M82: 4 | N82: {=DATEVALUE(_xlfn.CONCAT("01/", MONTH(EDATE(Tb_Data[[#This Row],[Start Date]],_xlfn.IFS(Tb_Data[[#This Row],[Subscription Type]]="Monthly",1,Tb_Data[[#This Row],[Subscription Type]]="Annual",12,Tb_Data[[#This Row],[Subscription Type]]="Quarterly",3))),"/", YEAR(EDATE(Tb_Data[[#This Row],[Start Date]],_xlfn.IFS(Tb_Data[[#This Row],[Subscription Type]]="Monthly",1,Tb_Data[[#This Row],[Subscription Type]]="Annual",12,Tb_Data[[#This Row],[Subscription Type]]="Quarterly",3)))))} -> 45444 | O82: =IF(Tb_Data[[#This Row],[Expiration_date]]<C̳álculos!$I$6,"",Tb_Data[[#This Row],[Expiration_date]]) | P82: =DATEVALUE(_xlfn.CONCAT("01/",MONTH(Tb_Data[[#This Row],[Start Date]]),"/",YEAR(Tb_Data[[#This Row],[Start Date]]))) -> 45413 | Q82: =IF(Tb_Data[[#This Row],[Auto Renewal]]="yes","Auto","Manual") -> Auto
A83: 3312 | B83: Ulysses Guimarães | C83: Ultimate | D83: 45429 | E83: No | F83: 15 | G83: Quarterly | H83: Yes | I83: 30 | J83: Yes | K83: 20 | L83: 7 | M83: 58 | N83: {=DATEVALUE(_xlfn.CONCAT("01/", MONTH(EDATE(Tb_Data[[#This Row],[Start Date]],_xlfn.IFS(Tb_Data[[#This Row],[Subscription Type]]="Monthly",1,Tb_Data[[#This Row],[Subscription Type]]="Annual",12,Tb_Data[[#This Row],[Subscription Type]]="Quarterly",3))),"/", YEAR(EDATE(Tb_Data[[#This Row],[Start Date]],_xlfn.IFS(Tb_Data[[#This Row],[Subscription Type]]="Monthly",1,Tb_Data[[#This Row],[Subscription Type]]="Annual",12,Tb_Data[[#This Row],[Subscription Type]]="Quarterly",3)))))} -> 45505 | O83: =IF(Tb_Data[[#This Row],[Expiration_date]]<C̳álculos!$I$6,"",Tb_Data[[#This Row],[Expiration_date]]) | P83: =DATEVALUE(_xlfn.CONCAT("01/",MONTH(Tb_Data[[#This Row],[Start Date]]),"/",YEAR(Tb_Data[[#This Row],[Start Date]]))) -> 45413 | Q83: =IF(Tb_Data[[#This Row],[Auto Renewal]]="yes","Auto","Manual") -> Manual
A84: 3313 | B84: Vanessa Silva | C84: Standard | D84: 45430 | E84: Yes | F84: 10 | G84: Monthly | H84: No | I84: - | J84: Yes | K84: 20 | L84: 10 | M84: 20 | N84: {=DATEVALUE(_xlfn.CONCAT("01/", MONTH(EDATE(Tb_Data[[#This Row],[Start Date]],_xlfn.IFS(Tb_Data[[#This Row],[Subscription Type]]="Monthly",1,Tb_Data[[#This Row],[Subscription Type]]="Annual",12,Tb_Data[[#This Row],[Subscription Type]]="Quarterly",3))),"/", YEAR(EDATE(Tb_Data[[#This Row],[Start Date]],_xlfn.IFS(Tb_Data[[#This Row],[Subscription Type]]="Monthly",1,Tb_Data[[#This Row],[Subscription Type]]="Annual",12,Tb_Data[[#This Row],[Subscription Type]]="Quarterly",3)))))} -> 45444 | O84: =IF(Tb_Data[[#This Row],[Expiration_date]]<C̳álculos!$I$6,"",Tb_Data[[#This Row],[Expiration_date]]) | P84: =DATEVALUE(_xlfn.CONCAT("01/",MONTH(Tb_Data[[#This Row],[Start Date]]),"/",YEAR(Tb_Data[[#This Row],[Start Date]]))) -> 45413 | Q84: =IF(Tb_Data[[#This Row],[Auto Renewal]]="yes","Auto","Manual") -> Auto
A85: 3314 | B85: William Carneiro | C85: Core | D85: 45431 | E85: No | F85: 5 | G85: Annual | H85: No | I85: - | J85: No | K85: 0 | L85: 0 | M85: 5 | N85: {=DATEVALUE(_xlfn.CONCAT("01/", MONTH(EDATE(Tb_Data[[#This Row],[Start Date]],_xlfn.IFS(Tb_Data[[#This Row],[Subscription Type]]="Monthly",1,Tb_Data[[#This Row],[Subscription Type]]="Annual",12,Tb_Data[[#This Row],[Subscription Type]]="Quarterly",3))),"/", YEAR(EDATE(Tb_Data[[#This Row],[Start Date]],_xlfn.IFS(Tb_Data[[#This Row],[Subscription Type]]="Monthly",1,Tb_Data[[#This Row],[Subscription Type]]="Annual",12,Tb_Data[[#This Row],[Subscription Type]]="Quarterly",3)))))} -> 45778 | O85: =IF(Tb_Data[[#This Row],[Expiration_date]]<C̳álculos!$I$6,"",Tb_Data[[#This Row],[Expiration_date]]) -> 45778 | P85: =DATEVALUE(_xlfn.CONCAT("01/",MONTH(Tb_Data[[#This Row],[Start Date]]),"/",YEAR(Tb_Data[[#This Row],[Start Date]]))) -> 45413 | Q85: =IF(Tb_Data[[#This Row],[Auto Renewal]]="yes","Auto","Manual") -> Manual
A86: 3315 | B86: Ximena Rocha | C86: Ultimate | D86: 45432 | E86: Yes | F86: 15 | G86: Monthly | H86: Yes | I86: 30 | J86: Yes | K86: 20 | L86: 20 | M86: 45 | N86: {=DATEVALUE(_xlfn.CONCAT("01/", MONTH(EDATE(Tb_Data[[#This Row],[Start Date]],_xlfn.IFS(Tb_Data[[#This Row],[Subscription Type]]="Monthly",1,Tb_Data[[#This Row],[Subscription Type]]="Annual",12,Tb_Data[[#This Row],[Subscription Type]]="Quarterly",3))),"/", YEAR(EDATE(Tb_Data[[#This Row],[Start Date]],_xlfn.IFS(Tb_Data[[#This Row],[Subscription Type]]="Monthly",1,Tb_Data[[#This Row],[Subscription Type]]="Annual",12,Tb_Data[[#This Row],[Subscription Type]]="Quarterly",3)))))} -> 45444 | O86: =IF(Tb_Data[[#This Row],[Expiration_date]]<C̳álculos!$I$6,"",Tb_Data[[#This Row],[Expiration_date]]) | P86: =DATEVALUE(_xlfn.CONCAT("01/",MONTH(Tb_Data[[#This Row],[Start Date]]),"/",YEAR(Tb_Data[[#This Row],[Start Date]]))) -> 45413 | Q86: =IF(Tb_Data[[#This Row],[Auto Renewal]]="yes","Auto","Manual") -> Auto
A87: 3316 | B87: Yasmin Figueiredo | C87: Standard | D87: 45433 | E87: No | F87: 10 | G87: Quarterly | H87: No | I87: - | J87: Yes | K87: 20 | L87: 15 | M87: 15 | N87: {=DATEVALUE(_xlfn.CONCAT("01/", MONTH(EDATE(Tb_Data[[#This Row],[Start Date]],_xlfn.IFS(Tb_Data[[#This Row],[Subscription Type]]="Monthly",1,Tb_Data[[#This Row],[Subscription Type]]="Annual",12,Tb_Data[[#This Row],[Subscription Type]]="Quarterly",3))),"/", YEAR(EDATE(Tb_Data[[#This Row],[Start Date]],_xlfn.IFS(Tb_Data[[#This Row],[Subscription Type]]="Monthly",1,Tb_Data[[#This Row],[Subscription Type]]="Annual",12,Tb_Data[[#This Row],[Subscription Type]]="Quarterly",3)))))} -> 45505 | O87: =IF(Tb_Data[[#This Row],[Expiration_date]]<C̳álculos!$I$6,"",Tb_Data[[#This Row],[Expiration_date]]) | P87: =DATEVALUE(_xlfn.CONCAT("01/",MONTH(Tb_Data[[#This Row],[Start Date]]),"/",YEAR(Tb_Data[[#This Row],[Start Date]]))) -> 45413 | Q87: =IF(Tb_Data[[#This Row],[Auto Renewal]]="yes","Auto","Manual") -> Manual
A88: 3317 | B88: Zara Cunha | C88: Core | D88: 45434 | E88: Yes | F88: 5 | G88: Monthly | H88: No | I88: - | J88: No | K88: 0 | L88: 1 | M88: 4 | N88: {=DATEVALUE(_xlfn.CONCAT("01/", MONTH(EDATE(Tb_Data[[#This Row],[Start Date]],_xlfn.IFS(Tb_Data[[#This Row],[Subscription Type]]="Monthly",1,Tb_Data[[#This Row],[Subscription Type]]="Annual",12,Tb_Data[[#This Row],[Subscription Type]]="Quarterly",3))),"/", YEAR(EDATE(Tb_Data[[#This Row],[Start Date]],_xlfn.IFS(Tb_Data[[#This Row],[Subscription Type]]="Monthly",1,Tb_Data[[#This Row],[Subscription Type]]="Annual",12,Tb_Data[[#This Row],[Subscription Type]]="Quarterly",3)))))} -> 45444 | O88: =IF(Tb_Data[[#This Row],[Expiration_date]]<C̳álculos!$I$6,"",Tb_Data[[#This Row],[Expiration_date]]) | P88: =DATEVALUE(_xlfn.CONCAT("01/",MONTH(Tb_Data[[#This Row],[Start Date]]),"/",YEAR(Tb_Data[[#This Row],[Start Date]]))) -> 45413 | Q88: =IF(Tb_Data[[#This Row],[Auto Renewal]]="yes","Auto","Manual") -> Auto
A89: 3318 | B89: Alan Teixeira | C89: Ultimate | D89: 45435 | E89: No | F89: 15 | G89: Annual | H89: Yes | I89: 30 | J89: Yes | K89: 20 | L89: 3 | M89: 62 | N89: {=DATEVALUE(_xlfn.CONCAT("01/", MONTH(EDATE(Tb_Data[[#This Row],[Start Date]],_xlfn.IFS(Tb_Data[[#This Row],[Subscription Type]]="Monthly",1,Tb_Data[[#This Row],[Subscription Type]]="Annual",12,Tb_Data[[#This Row],[Subscription Type]]="Quarterly",3))),"/", YEAR(EDATE(Tb_Data[[#This Row],[Start Date]],_xlfn.IFS(Tb_Data[[#This Row],[Subscription Type]]="Monthly",1,Tb_Data[[#This Row],[Subscription Type]]="Annual",12,Tb_Data[[#This Row],[Subscription Type]]="Quarterly",3)))))} -> 45778 | O89: =IF(Tb_Data[[#This Row],[Expiration_date]]<C̳álculos!$I$6,"",Tb_Data[[#This Row],[Expiration_date]]) -> 45778 | P89: =DATEVALUE(_xlfn.CONCAT("01/",MONTH(Tb_Data[[#This Row],[Start Date]]),"/",YEAR(Tb_Data[[#This Row],[Start Date]]))) -> 45413 | Q89: =IF(Tb_Data[[#This Row],[Auto Renewal]]="yes","Auto","Manual") -> Manual
A90: 3319 | B90: Bárbara Oliveira | C90: Standard | D90: 45436 | E90: Yes | F90: 10 | G90: Monthly | H90: No | I90: - | J90: Yes | K90: 20 | L90: 10 | M90: 20 | N90: {=DATEVALUE(_xlfn.CONCAT("01/", MONTH(EDATE(Tb_Data[[#This Row],[Start Date]],_xlfn.IFS(Tb_Data[[#This Row],[Subscription Type]]="Monthly",1,Tb_Data[[#This Row],[Subscription Type]]="Annual",12,Tb_Data[[#This Row],[Subscription Type]]="Quarterly",3))),"/", YEAR(EDATE(Tb_Data[[#This Row],[Start Date]],_xlfn.IFS(Tb_Data[[#This Row],[Subscription Type]]="Monthly",1,Tb_Data[[#This Row],[Subscription Type]]="Annual",12,Tb_Data[[#This Row],[Subscription Type]]="Quarterly",3)))))} -> 45444 | O90: =IF(Tb_Data[[#This Row],[Expiration_date]]<C̳álculos!$I$6,"",Tb_Data[[#This Row],[Expiration_date]]) | P90: =DATEVALUE(_xlfn.CONCAT("01/",MONTH(Tb_Data[[#This Row],[Start Date]]),"/",YEAR(Tb_Data[[#This Row],[Start Date]]))) -> 45413 | Q90: =IF(Tb_Data[[#This Row],[Auto Renewal]]="yes","Auto","Manual") -> Auto
A91: 3320 | B91: Carlos Junqueira | C91: Core | D91: 45437 | E91: No | F91: 5 | G91: Quarterly | H91: No | I91: - | J91: No | K91: 0 | L91: 0 | M91: 5 | N91: {=DATEVALUE(_xlfn.CONCAT("01/", MONTH(EDATE(Tb_Data[[#This Row],[Start Date]],_xlfn.IFS(Tb_Data[[#This Row],[Subscription Type]]="Monthly",1,Tb_Data[[#This Row],[Subscription Type]]="Annual",12,Tb_Data[[#This Row],[Subscription Type]]="Quarterly",3))),"/", YEAR(EDATE(Tb_Data[[#This Row],[Start Date]],_xlfn.IFS(Tb_Data[[#This Row],[Subscription Type]]="Monthly",1,Tb_Data[[#This Row],[Subscription Type]]="Annual",12,Tb_Data[[#This Row],[Subscription Type]]="Quarterly",3)))))} -> 45505 | O91: =IF(Tb_Data[[#This Row],[Expiration_date]]<C̳álculos!$I$6,"",Tb_Data[[#This Row],[Expiration_date]]) | P91: =DATEVALUE(_xlfn.CONCAT("01/",MONTH(Tb_Data[[#This Row],[Start Date]]),"/",YEAR(Tb_Data[[#This Row],[Start Date]]))) -> 45413 | Q91: =IF(Tb_Data[[#This Row],[Auto Renewal]]="yes","Auto","Manual") -> Manual
A92: 3321 | B92: Daniela Moura | C92: Ultimate | D92: 45438 | E92: Yes | F92: 15 | G92: Monthly | H92: Yes | I92: 30 | J92: Yes | K92: 20 | L92: 5 | M92: 60 | N92: {=DATEVALUE(_xlfn.CONCAT("01/", MONTH(EDATE(Tb_Data[[#This Row],[Start Date]],_xlfn.IFS(Tb_Data[[#This Row],[Subscription Type]]="Monthly",1,Tb_Data[[#This Row],[Subscription Type]]="Annual",12,Tb_Data[[#This Row],[Subscription Type]]="Quarterly",3))),"/", YEAR(EDATE(Tb_Data[[#This Row],[Start Date]],_xlfn.IFS(Tb_Data[[#This Row],[Subscription Type]]="Monthly",1,Tb_Data[[#This Row],[Subscription Type]]="Annual",12,Tb_Data[[#This Row],[Subscription Type]]="Quarterly",3)))))} -> 45444 | O92: =IF(Tb_Data[[#This Row],[Expiration_date]]<C̳álculos!$I$6,"",Tb_Data[[#This Row],[Expiration_date]]) | P92: =DATEVALUE(_xlfn.CONCAT("01/",MONTH(Tb_Data[[#This Row],[Start Date]]),"/",YEAR(Tb_Data[[#This Row],[Start Date]]))) -> 45413 | Q92: =IF(Tb_Data[[#This Row],[Auto Renewal]]="yes","Auto","Manual") -> Auto
A93: 3322 | B93: Eduardo Lima | C93: Standard | D93: 45439 | E93: No | F93: 10 | G93: Annual | H93: No | I93: - | J93: Yes | K93: 20 | L93: 15 | M93: 15 | N93: {=DATEVALUE(_xlfn.CONCAT("01/", MONTH(EDATE(Tb_Data[[#This Row],[Start Date]],_xlfn.IFS(Tb_Data[[#This Row],[Subscription Type]]="Monthly",1,Tb_Data[[#This Row],[Subscription Type]]="Annual",12,Tb_Data[[#This Row],[Subscription Type]]="Quarterly",3))),"/", YEAR(EDATE(Tb_Data[[#This Row],[Start Date]],_xlfn.IFS(Tb_Data[[#This Row],[Subscription Type]]="Monthly",1,Tb_Data[[#This Row],[Subscription Type]]="Annual",12,Tb_Data[[#This Row],[Subscription Type]]="Quarterly",3)))))} -> 45778 | O93: =IF(Tb_Data[[#This Row],[Expiration_date]]<C̳álculos!$I$6,"",Tb_Data[[#This Row],[Expiration_date]]) -> 45778 | P93: =DATEVALUE(_xlfn.CONCAT("01/",MONTH(Tb_Data[[#This Row],[Start Date]]),"/",YEAR(Tb_Data[[#This Row],[Start Date]]))) -> 45413 | Q93: =IF(Tb_Data[[#This Row],[Auto Renewal]]="yes","Auto","Manual") -> Manual
A94: 3323 | B94: Fabiana Araújo | C94: Core | D94: 45440 | E94: Yes | F94: 5 | G94: Monthly | H94: No | I94: - | J94: No | K94: 0 | L94: 1 | M94: 4 | N94: {=DATEVALUE(_xlfn.CONCAT("01/", MONTH(EDATE(Tb_Data[[#This Row],[Start Date]],_xlfn.IFS(Tb_Data[[#This Row],[Subscription Type]]="Monthly",1,Tb_Data[[#This Row],[Subscription Type]]="Annual",12,Tb_Data[[#This Row],[Subscription Type]]="Quarterly",3))),"/", YEAR(EDATE(Tb_Data[[#This Row],[Start Date]],_xlfn.IFS(Tb_Data[[#This Row],[Subscription Type]]="Monthly",1,Tb_Data[[#This Row],[Subscription Type]]="Annual",12,Tb_Data[[#This Row],[Subscription Type]]="Quarterly",3)))))} -> 45444 | O94: =IF(Tb_Data[[#This Row],[Expiration_date]]<C̳álculos!$I$6,"",Tb_Data[[#This Row],[Expiration_date]]) | P94: =DATEVALUE(_xlfn.CONCAT("01/",MONTH(Tb_Data[[#This Row],[Start Date]]),"/",YEAR(Tb_Data[[#This Row],[Start Date]]))) -> 45413 | Q94: =IF(Tb_Data[[#This Row],[Auto Renewal]]="yes","Auto","Manual") -> Auto
A95: 3324 | B95: Geraldo Ribeiro | C95: Ultimate | D95: 45441 | E95: No | F95: 15 | G95: Quarterly | H95: Yes | I95: 30 | J95: Yes | K95: 20 | L95: 20 | M95: 45 | N95: {=DATEVALUE(_xlfn.CONCAT("01/", MONTH(EDATE(Tb_Data[[#This Row],[Start Date]],_xlfn.IFS(Tb_Data[[#This Row],[Subscription Type]]="Monthly",1,Tb_Data[[#This Row],[Subscription Type]]="Annual",12,Tb_Data[[#This Row],[Subscription Type]]="Quarterly",3))),"/", YEAR(EDATE(Tb_Data[[#This Row],[Start Date]],_xlfn.IFS(Tb_Data[[#This Row],[Subscription Type]]="Monthly",1,Tb_Data[[#This Row],[Subscription Type]]="Annual",12,Tb_Data[[#This Row],[Subscription Type]]="Quarterly",3)))))} -> 45505 | O95: =IF(Tb_Data[[#This Row],[Expiration_date]]<C̳álculos!$I$6,"",Tb_Data[[#This Row],[Expiration_date]]) | P95: =DATEVALUE(_xlfn.CONCAT("01/",MONTH(Tb_Data[[#This Row],[Start Date]]),"/",YEAR(Tb_Data[[#This Row],[Start Date]]))) -> 45413 | Q95: =IF(Tb_Data[[#This Row],[Auto Renewal]]="yes","Auto","Manual") -> Manual
A96: 3325 | B96: Héctor Vargas | C96: Standard | D96: 45442 | E96: Yes | F96: 10 | G96: Quarterly | H96: No | I96: - | J96: Yes | K96: 20 | L96: 15 | M96: 15 | N96: {=DATEVALUE(_xlfn.CONCAT("01/", MONTH(EDATE(Tb_Data[[#This Row],[Start Date]],_xlfn.IFS(Tb_Data[[#This Row],[Subscription Type]]="Monthly",1,Tb_Data[[#This Row],[Subscription Type]]="Annual",12,Tb_Data[[#This Row],[Subscription Type]]="Quarterly",3))),"/", YEAR(EDATE(Tb_Data[[#This Row],[Start Date]],_xlfn.IFS(Tb_Data[[#This Row],[Subscription Type]]="Monthly",1,Tb_Data[[#This Row],[Subscription Type]]="Annual",12,Tb_Data[[#This Row],[Subscription Type]]="Quarterly",3)))))} -> 45505 | O96: =IF(Tb_Data[[#This Row],[Expiration_date]]<C̳álculos!$I$6,"",Tb_Data[[#This Row],[Expiration_date]]) | P96: =DATEVALUE(_xlfn.CONCAT("01/",MONTH(Tb_Data[[#This Row],[Start Date]]),"/",YEAR(Tb_Data[[#This Row],[Start Date]]))) -> 45413 | Q96: =IF(Tb_Data[[#This Row],[Auto Renewal]]="yes","Auto","Manual") -> Auto
A97: 3326 | B97: Isabela Fonseca | C97: Core | D97: 45443 | E97: No | F97: 5 | G97: Annual | H97: No | I97: - | J97: No | K97: 0 | L97: 0 | M97: 5 | N97: {=DATEVALUE(_xlfn.CONCAT("01/", MONTH(EDATE(Tb_Data[[#This Row],[Start Date]],_xlfn.IFS(Tb_Data[[#This Row],[Subscription Type]]="Monthly",1,Tb_Data[[#This Row],[Subscription Type]]="Annual",12,Tb_Data[[#This Row],[Subscription Type]]="Quarterly",3))),"/", YEAR(EDATE(Tb_Data[[#This Row],[Start Date]],_xlfn.IFS(Tb_Data[[#This Row],[Subscription Type]]="Monthly",1,Tb_Data[[#This Row],[Subscription Type]]="Annual",12,Tb_Data[[#This Row],[Subscription Type]]="Quarterly",3)))))} -> 45778 | O97: =IF(Tb_Data[[#This Row],[Expiration_date]]<C̳álculos!$I$6,"",Tb_Data[[#This Row],[Expiration_date]]) -> 45778 | P97: =DATEVALUE(_xlfn.CONCAT("01/",MONTH(Tb_Data[[#This Row],[Start Date]]),"/",YEAR(Tb_Data[[#This Row],[Start Date]]))) -> 45413 | Q97: =IF(Tb_Data[[#This Row],[Auto Renewal]]="yes","Auto","Manual") -> Manual
A98: 3327 | B98: João Pedro Almeida | C98: Ultimate | D98: 45444 | E98: Yes | F98: 15 | G98: Monthly | H98: Yes | I98: 30 | J98: Yes | K98: 20 | L98: 7 | M98: 58 | N98: {=DATEVALUE(_xlfn.CONCAT("01/", MONTH(EDATE(Tb_Data[[#This Row],[Start Date]],_xlfn.IFS(Tb_Data[[#This Row],[Subscription Type]]="Monthly",1,Tb_Data[[#This Row],[Subscription Type]]="Annual",12,Tb_Data[[#This Row],[Subscription Type]]="Quarterly",3))),"/", YEAR(EDATE(Tb_Data[[#This Row],[Start Date]],_xlfn.IFS(Tb_Data[[#This Row],[Subscription Type]]="Monthly",1,Tb_Data[[#This Row],[Subscription Type]]="Annual",12,Tb_Data[[#This Row],[Subscription Type]]="Quarterly",3)))))} -> 45474 | O98: =IF(Tb_Data[[#This Row],[Expiration_date]]<C̳álculos!$I$6,"",Tb_Data[[#This Row],[Expiration_date]]) | P98: =DATEVALUE(_xlfn.CONCAT("01/",MONTH(Tb_Data[[#This Row],[Start Date]]),"/",YEAR(Tb_Data[[#This Row],[Start Date]]))) -> 45444 | Q98: =IF(Tb_Data[[#This Row],[Auto Renewal]]="yes","Auto","Manual") -> Auto
A99: 3328 | B99: Klara Costa | C99: Standard | D99: 45445 | E99: No | F99: 10 | G99: Annual | H99: No | I99: - | J99: Yes | K99: 20 | L99: 10 | M99: 20 | N99: {=DATEVALUE(_xlfn.CONCAT("01/", MONTH(EDATE(Tb_Data[[#This Row],[Start Date]],_xlfn.IFS(Tb_Data[[#This Row],[Subscription Type]]="Monthly",1,Tb_Data[[#This Row],[Subscription Type]]="Annual",12,Tb_Data[[#This Row],[Subscription Type]]="Quarterly",3))),"/", YEAR(EDATE(Tb_Data[[#This Row],[Start Date]],_xlfn.IFS(Tb_Data[[#This Row],[Subscription Type]]="Monthly",1,Tb_Data[[#This Row],[Subscription Type]]="Annual",12,Tb_Data[[#This Row],[Subscription Type]]="Quarterly",3)))))} -> 45809 | O99: =IF(Tb_Data[[#This Row],[Expiration_date]]<C̳álculos!$I$6,"",Tb_Data[[#This Row],[Expiration_date]]) -> 45809 | P99: =DATEVALUE(_xlfn.CONCAT("01/",MONTH(Tb_Data[[#This Row],[Start Date]]),"/",YEAR(Tb_Data[[#This Row],[Start Date]]))) -> 45444 | Q99: =IF(Tb_Data[[#This Row],[Auto Renewal]]="yes","Auto","Manual") -> Manual
A100: 3329 | B100: Luciana Mendes | C100: Core | D100: 45446 | E100: Yes | F100: 5 | G100: Quarterly | H100: No | I100: - | J100: No | K100: 0 | L100: 1 | M100: 4 | N100: {=DATEVALUE(_xlfn.CONCAT("01/", MONTH(EDATE(Tb_Data[[#This Row],[Start Date]],_xlfn.IFS(Tb_Data[[#This Row],[Subscription Type]]="Monthly",1,Tb_Data[[#This Row],[Subscription Type]]="Annual",12,Tb_Data[[#This Row],[Subscription Type]]="Quarterly",3))),"/", YEAR(EDATE(Tb_Data[[#This Row],[Start Date]],_xlfn.IFS(Tb_Data[[#This Row],[Subscription Type]]="Monthly",1,Tb_Data[[#This Row],[Subscription Type]]="Annual",12,Tb_Data[[#This Row],[Subscription Type]]="Quarterly",3)))))} -> 45536 | O100: =IF(Tb_Data[[#This Row],[Expiration_date]]<C̳álculos!$I$6,"",Tb_Data[[#This Row],[Expiration_date]]) | P100: =DATEVALUE(_xlfn.CONCAT("01/",MONTH(Tb_Data[[#This Row],[Start Date]]),"/",YEAR(Tb_Data[[#This Row],[Start Date]]))) -> 45444 | Q100: =IF(Tb_Data[[#This Row],[Auto Renewal]]="yes","Auto","Manual") -> Auto
...

Sheet C̳álculos
B3: Visões de Negócios
I6: =EOMONTH(D̳ashboard!B5,-1)+1 -> 45627
B9: Rótulos de Linha | C9: Soma de Subscription Price | F9: Rótulos de Linha | G9: Acquisition | I9: Rótulos de Linha | J9: Acquisition | L9: Rótulos de Linha | M9: Soma de Total Value | O9: Rótulos de Linha | P9: Soma de EA Play Season Pass | R9: Rótulos de Linha | S9: Soma de Minecraft Season Pass Price | U9: Soma de Coupon Value
B10: Core | C10: 505 | F10: 45292 | G10: 2 | I10: 45627 | J10: 23 | L10: Core | M10: 444 | O10: No | P10: 0 | R10: No | S10: 0 | U10: 2122
B11: Standard | C11: 960 | F11: 45323 | G11: 2 | I11: 45658 | J11: 16 | L11: Standard | M11: 1801 | O11: Yes | P11: 2940 | R11: Yes | S11: 3880
B12: Ultimate | C12: 1470 | F12: 45352 | G12: 31 | I12: 45689 | J12: 9 | L12: Ultimate | M12: 5388 | O12: Total Geral | P12: 2940 | R12: Total Geral | S12: 3880
B13: Total Geral | C13: 2935 | F13: 45383 | G13: 30 | I13: 45717 | J13: 11 | L13: Total Geral | M13: 7633
F14: 45413 | G14: 31 | I14: 45748 | J14: 7
F15: 45444 | G15: 30 | I15: 45778 | J15: 8
F16: 45474 | G16: 31 | I16: 45809 | J16: 7
F17: 45505 | G17: 31 | I17: 45839 | J17: 7
B18: Rótulos de Linha | C18: Contagem de Name | F18: 45536 | G18: 30 | I18: 45870 | J18: 8
B19: Core | C19: 101 | F19: 45566 | G19: 31 | I19: 45901 | J19: 7
B20: Standard | C20: 96 | F20: 45597 | G20: 30 | I20: 45931 | J20: 8
B21: Ultimate | C21: 98 | F21: 45627 | G21: 16 | I21: 45962 | J21: 7
B22: Total Geral | C22: 295 | F22: Total Geral | G22: 295 | I22: 45992 | J22: 4
I23: Total Geral | J23: 122

Sheet D̳ashboard
F1: X-Box Subscription Data
B5: 45651
F7: Subscription Total Value | J7: EA Play Season Pass | O7: Minecraft Season Pass | S7: Coupons
F8: =GETPIVOTDATA("Total Value",C̳álculos!$L$9) -> 7633 | J8: =GETPIVOTDATA("EA Play Season Pass Price",C̳álculos!$O$9) -> 2940 | O8: =GETPIVOTDATA("Minecraft Season Pass Price",C̳álculos!$R$9) -> 3880 | S8: =-GETPIVOTDATA("Coupon Value",C̳álculos!$U$9) -> -2122
F11: Subscription Type | M11: Subscription Sales Growth
F24: Expiration Subscriptions
B34: Period from
B35: =_xlfn.CONCAT(TEXT(MIN(Tb_Data[Start Date]),"dd/mm/aaa")," to ",TEXT(MAX(Tb_Data[Start Date]),"dd/mm/aaa")) -> 01/01/2024 to 16/12/2024
